OrdStatus,ExecTransType,ClientOrderID,Fill ID,ID of Order Or Fill for Action,LotNumber,Symbol,SecurityType,Security Currency,Security Description,BuySellShortCover,OpenClose,IDSource,SecurityID,ISIN,CUSIP,SEDOL,Bloomberg,CINS,WhenIssued,IssueDate,Maturity Date,Coupon %,ExecutionInterestDays,AccruedInterest,FaceValue,RollableType,Repo Currency,Day Count Fraction / Repo Calendar,RepoLoanAmount,Trader,OrderQty,FillQty,CumQty,HairCut,Avg Price,FillPrice,TradeDate,TradeTime,OrigDate,Unused,SettlementDate,Executing User,Comment,Account,Fund,SubFund,AllocationCode,StrategyCode,Execution Broker,Clearing Agent,ContractSize,Commission,FX Rate,FWD FX points,Fee,CurrencyTraded,SettleCurrency,FX/BASE rate,BASE/FX rate,StrikePrice,PutOrCall,Derivative Expiry,SubStrategy,OrderGroup,RepoPenalty,CommissionTurn,AllocRule,PaymentFreq,RateSource,Spread,CurrentFace,CurrentPrincipalFactor,AccrualFactor,Tax Rate,Expenses,Fees,PostCommAndFeesOnInit,Implied Commission Flag,Transaction Type,Master Confrim Type,Matrix Term,EMInternalSeqNo.,ObjectivePrice,MarketPrice,Stop Price,NetConsdieration,Fixing Date,Delivery Instructions,Force Match ID,Force Match Type,Force Match Notes,Commission Rate for Allocation,Commission Amount for Fill,Expense Amount for Fill,Fee Amount for Fill,Standard Strategy,Strategy Link Name,Strategy Group,Fill FX Settle Amount,Reserved,Reserved.1,Deal Attributes,Finance Leg,Performance Leg,Attributes,Deal Symbol,Initial margin type ,Initial Margin Amount,Initial margin CCY ,Confirm Status,Counterparty,Trader Notes,"Convert Price
to Settle Ccy",Bond Coupon Type,Generic Fees Enabled,Generic Fees Listing,Order Level Attributes,Settling/Sub,Confirmation Time,Confirmation Means,Payment Date
N,2,20200710J1000001,20200710J1000001,,,,CFD,CNH,AECC AERO-ENGI-A,SS,,RIC,000738.ZK,,,,,,,,20210824,,,,,,,,,DFLT,-100,,,,2.3773,2.3773,20200710,,,,20200714,,,,MCO_MST,,,,JPM,JPM_SW,,0.2992,7.015800986982883,,,CNH,USD,,,,,,,,,,,4,,-1230.0,,,,,,,N,,,,,,,,,,,,,,,,,,,,,,,,,,,,,,,,,,,,,,,,,,,,
N,2,20200710J1000002,20200710J1000002,,,,CFD,CNH,AECC AVIATION-A,SS,,RIC,600893.SH,,,,,,,,20210824,,,,,,,,,DFLT,-36500,,,,4.7688,4.7688,20200710,,,,20200714,,,,MCO_MST,,,,JPM,JPM_SW,,219.0908,7.015800986982883,,,CNH,USD,,,,,,,,,,,4,,-605.0,,,,,,,N,,,,,,,,,,,,,,,,,,,,,,,,,,,,,,,,,,,,,,,,,,,,
N,2,20200710J1000003,20200710J1000003,,,,CFD,CNH,AIER EYE HSPTL-A,SS,,RIC,300015.ZK,,,,,,,,20210824,,,,,,,,,DFLT,-39000,,,,6.5558,6.5558,20200710,,,,20200714,,,,MCO_MST,,,,JPM,JPM_SW,,321.8196,7.015800986982883,,,CNH,USD,,,,,,,,,,,4,,-400.0,,,,,,,N,,,,,,,,,,,,,,,,,,,,,,,,,,,,,,,,,,,,,,,,,,,,
N,2,20200710J1000004,20200710J1000004,,,,CFD,CNH,ALPHA GROUP-A,SS,,RIC,002292.ZK,,,,,,,,20210824,,,,,,,,,DFLT,-400,,,,1.4879,1.4879,20200710,,,,20200714,,,,MCO_MST,,,,JPM,JPM_SW,,0.7491,7.015800986982883,,,CNH,USD,,,,,,,,,,,4,,-880.0000000000001,,,,,,,N,,,,,,,,,,,,,,,,,,,,,,,,,,,,,,,,,,,,,,,,,,,,
N,2,20200710J1000005,20200710J1000005,,,,CFD,CNH,ASYMCHEM LABOR-A,SS,,RIC,002821.ZK,,,,,,,,20210824,,,,,,,,,DFLT,-7700,,,,33.3892,33.3892,20200710,,,,20200714,,,,MCO_MST,,,,JPM,JPM_SW,,323.6078,7.015800986982883,,,CNH,USD,,,,,,,,,,,4,,-685.0,,,,,,,N,,,,,,,,,,,,,,,,,,,,,,,,,,,,,,,,,,,,,,,,,,,,
N,2,20200710J1000006,20200710J1000006,,,,CFD,CNH,AVIC AIRCRAFT-A,SS,,RIC,000768.ZK,,,,,,,,20210824,,,,,,,,,DFLT,-28800,,,,3.434,3.434,20200710,,,,20200714,,,,MCO_MST,,,,JPM,JPM_SW,,124.4844,7.015800986982883,,,CNH,USD,,,,,,,,,,,4,,-645.0,,,,,,,N,,,,,,,,,,,,,,,,,,,,,,,,,,,,,,,,,,,,,,,,,,,,
N,2,20200710J1000007,20200710J1000007,,,,CFD,CNH,AVIC CAPITAL C-A,SS,,RIC,600705.SH,,,,,,,,20210824,,,,,,,,,DFLT,-230200,,,,0.7322,0.7322,20200710,,,,20200714,,,,MCO_MST,,,,JPM,JPM_SW,,212.157,7.015800986982883,,,CNH,USD,,,,,,,,,,,4,,-400.0,,,,,,,N,,,,,,,,,,,,,,,,,,,,,,,,,,,,,,,,,,,,,,,,,,,,
N,2,20200710J1000008,20200710J1000008,,,,CFD,CNH,AVIC HEAVY MAC-A,SS,,RIC,600765.SH,,,,,,,,20210824,,,,,,,,,DFLT,-31300,,,,1.7735,1.7735,20200710,,,,20200714,,,,MCO_MST,,,,JPM,JPM_SW,,69.8711,7.015800986982883,,,CNH,USD,,,,,,,,,,,4,,-459.99999999999994,,,,,,,N,,,,,,,,,,,,,,,,,,,,,,,,,,,,,,,,,,,,,,,,,,,,
N,2,20200710J1000009,20200710J1000009,,,,CFD,CNH,AVICOPTER PLC-A,S,,RIC,600038.SH,,,,,,,,20210824,,,,,,,,,DFLT,-22300,,,,8.0656,8.0656,20200710,,,,20200714,,,,MCO_MST,,,,JPM,JPM_SW,,226.3934,7.015800986982883,,,CNH,USD,,,,,,,,,,,4,,0.0,,,,,,,N,,,,,,,,,,,,,,,,,,,,,,,,,,,,,,,,,,,,,,,,,,,,
N,2,20200710J1000010,20200710J1000010,,,,CFD,CNH,AVICOPTER PLC-A,B,,RIC,600038.SH,,,,,,,,20210824,,,,,,,,,DFLT,22300,,,,7.8248,7.8248,20200710,,,,20200714,,,,MCO_MST,,,,JPM,JPM_SW,,45.1413,7.015800986982883,,,CNH,USD,,,,,,,,,,,4,,60.0,,,,,,,N,,,,,,,,,,,,,,,,,,,,,,,,,,,,,,,,,,,,,,,,,,,,
N,2,20200710J1000011,20200710J1000011,,,,CFD,CNH,B-SOFT CO LTD-A,SS,,RIC,300451.ZK,,,,,,,,20210824,,,,,,,,,DFLT,-2200,,,,2.8186,2.8186,20200710,,,,20200714,,,,MCO_MST,,,,JPM,JPM_SW,,7.8051,7.015800986982883,,,CNH,USD,,,,,,,,,,,4,,-400.0,,,,,,,N,,,,,,,,,,,,,,,,,,,,,,,,,,,,,,,,,,,,,,,,,,,,
N,2,20200710J1000012,20200710J1000012,,,,CFD,CNH,BANK OF BEIJIN-A,SS,,RIC,601169.SH,,,,,,,,20210824,,,,,,,,,DFLT,-201500,,,,0.7827,0.7827,20200710,,,,20200714,,,,MCO_MST,,,,JPM,JPM_SW,,198.5147,7.015800986982883,,,CNH,USD,,,,,,,,,,,4,,-400.0,,,,,,,N,,,,,,,,,,,,,,,,,,,,,,,,,,,,,,,,,,,,,,,,,,,,
N,2,20200710J1000013,20200710J1000013,,,,CFD,CNH,BANK OF CHANGS-A,SS,,RIC,601577.SH,,,,,,,,20210824,,,,,,,,,DFLT,-3700,,,,1.3054,1.3054,20200710,,,,20200714,,,,MCO_MST,,,,JPM,JPM_SW,,6.0795,7.015800986982883,,,CNH,USD,,,,,,,,,,,4,,-400.0,,,,,,,N,,,,,,,,,,,,,,,,,,,,,,,,,,,,,,,,,,,,,,,,,,,,
N,2,20200710J1000014,20200710J1000014,,,,CFD,CNH,BANK OF CHENGD-A,SS,,RIC,601838.SH,,,,,,,,20210824,,,,,,,,,DFLT,-90500,,,,1.3577,1.3577,20200710,,,,20200714,,,,MCO_MST,,,,JPM,JPM_SW,,154.6588,7.015800986982883,,,CNH,USD,,,,,,,,,,,4,,-400.0,,,,,,,N,,,,,,,,,,,,,,,,,,,,,,,,,,,,,,,,,,,,,,,,,,,,
N,2,20200710J1000015,20200710J1000015,,,,CFD,CNH,BEIJING SHIJI-A,BC,,RIC,002153.ZK,,,,,,,,20210824,,,,,,,,,DFLT,20700,,,,5.7505,5.7505,20200710,,,,20200714,,,,MCO_MST,,,,JPM,JPM_SW,,30.7944,7.015800986982883,,,CNH,USD,,,,,,,,,,,4,,0.0,,,,,,,N,,,,,,,,,,,,,,,,,,,,,,,,,,,,,,,,,,,,,,,,,,,,
N,2,20200710J1000016,20200710J1000016,,,,CFD,CNH,BEIJING SHOUG-A,SS,,RIC,000959.ZK,,,,,,,,20210824,,,,,,,,,DFLT,-21700,,,,0.709,0.709,20200710,,,,20200714,,,,MCO_MST,,,,JPM,JPM_SW,,19.3655,7.015800986982883,,,CNH,USD,,,,,,,,,,,4,,-1330.0,,,,,,,N,,,,,,,,,,,,,,,,,,,,,,,,,,,,,,,,,,,,,,,,,,,,
N,2,20200710J1000017,20200710J1000017,,,,CFD,CNH,BEIJING SHUNX-A,SS,,RIC,000860.ZK,,,,,,,,20210824,,,,,,,,,DFLT,-29200,,,,8.8796,8.8796,20200710,,,,20200714,,,,MCO_MST,,,,JPM,JPM_SW,,326.3612,7.015800986982883,,,CNH,USD,,,,,,,,,,,4,,-400.0,,,,,,,N,,,,,,,,,,,,,,,,,,,,,,,,,,,,,,,,,,,,,,,,,,,,
N,2,20200710J1000018,20200710J1000018,,,,CFD,CNH,BEIJING TONGRE-A,SS,,RIC,600085.SH,,,,,,,,20210824,,,,,,,,,DFLT,-500,,,,4.0508,4.0508,20200710,,,,20200714,,,,MCO_MST,,,,JPM,JPM_SW,,2.5494,7.015800986982883,,,CNH,USD,,,,,,,,,,,4,,-400.0,,,,,,,N,,,,,,,,,,,,,,,,,,,,,,,,,,,,,,,,,,,,,,,,,,,,
N,2,20200710J1000019,20200710J1000019,,,,CFD,CNH,BGI GENOMICS CO,SS,,RIC,300676.ZK,,,,,,,,20210824,,,,,,,,,DFLT,-100,,,,25.6661,25.6661,20200710,,,,20200714,,,,MCO_MST,,,,JPM,JPM_SW,,3.2306,7.015800986982883,,,CNH,USD,,,,,,,,,,,4,,-400.0,,,,,,,N,,,,,,,,,,,,,,,,,,,,,,,,,,,,,,,,,,,,,,,,,,,,
N,2,20200710J1000020,20200710J1000020,,,,CFD,CNH,BOYA BIO-PHARM-A,SS,,RIC,300294.ZK,,,,,,,,20210824,,,,,,,,,DFLT,-100,,,,7.4749,7.4749,20200710,,,,20200714,,,,MCO_MST,,,,JPM,JPM_SW,,0.9409,7.015800986982883,,,CNH,USD,,,,,,,,,,,4,,-880.0000000000001,,,,,,,N,,,,,,,,,,,,,,,,,,,,,,,,,,,,,,,,,,,,,,,,,,,,
N,2,20200710J1000021,20200710J1000021,,,,CFD,CNH,CAITONG SECURI-A,SS,,RIC,601108.SH,,,,,,,,20210824,,,,,,,,,DFLT,-54200,,,,1.986,1.986,20200710,,,,20200714,,,,MCO_MST,,,,JPM,JPM_SW,,135.488,7.015800986982883,,,CNH,USD,,,,,,,,,,,4,,-565.0,,,,,,,N,,,,,,,,,,,,,,,,,,,,,,,,,,,,,,,,,,,,,,,,,,,,
N,2,20200710J1000022,20200710J1000022,,,,CFD,CNH,CENTRE TESTING-A,SS,,RIC,300012.ZK,,,,,,,,20210824,,,,,,,,,DFLT,-21100,,,,3.5591,3.5591,20200710,,,,20200714,,,,MCO_MST,,,,JPM,JPM_SW,,94.5246,7.015800986982883,,,CNH,USD,,,,,,,,,,,4,,-400.0,,,,,,,N,,,,,,,,,,,,,,,,,,,,,,,,,,,,,,,,,,,,,,,,,,,,
N,2,20200710J1000023,20200710J1000023,,,,CFD,CNH,CHANGCHUN HIGH-A,SS,,RIC,000661.ZK,,,,,,,,20210824,,,,,,,,,DFLT,-2100,,,,64.3485,64.3485,20200710,,,,20200714,,,,MCO_MST,,,,JPM,JPM_SW,,170.0905,7.015800986982883,,,CNH,USD,,,,,,,,,,,4,,-509.99999999999994,,,,,,,N,,,,,,,,,,,,,,,,,,,,,,,,,,,,,,,,,,,,,,,,,,,,
N,2,20200710J1000024,20200710J1000024,,,,CFD,CNH,CHANGJIANG SEC-A,SS,,RIC,000783.ZK,,,,,,,,20210824,,,,,,,,,DFLT,-16600,,,,1.3424,1.3424,20200710,,,,20200714,,,,MCO_MST,,,,JPM,JPM_SW,,28.0487,7.015800986982883,,,CNH,USD,,,,,,,,,,,4,,-415.00000000000006,,,,,,,N,,,,,,,,,,,,,,,,,,,,,,,,,,,,,,,,,,,,,,,,,,,,
N,2,20200710J1000025,20200710J1000025,,,,CFD,CNH,CHANGSHA JINGJ-A,SS,,RIC,300474.ZK,,,,,,,,20210824,,,,,,,,,DFLT,-100,,,,11.3213,11.3213,20200710,,,,20200714,,,,MCO_MST,,,,JPM,JPM_SW,,1.425,7.015800986982883,,,CNH,USD,,,,,,,,,,,4,,-400.0,,,,,,,N,,,,,,,,,,,,,,,,,,,,,,,,,,,,,,,,,,,,,,,,,,,,
N,2,20200710J1000026,20200710J1000026,,,,CFD,CNH,CHINA ALUMINUM-A,SS,,RIC,601068.SH,,,,,,,,20210824,,,,,,,,,DFLT,-9000,,,,0.6504,0.6504,20200710,,,,20200714,,,,MCO_MST,,,,JPM,JPM_SW,,7.3679,7.015800986982883,,,CNH,USD,,,,,,,,,,,4,,-400.0,,,,,,,N,,,,,,,,,,,,,,,,,,,,,,,,,,,,,,,,,,,,,,,,,,,,
N,2,20200710J1000027,20200710J1000027,,,,CFD,CNH,CHINA AVIONICS-A,SS,,RIC,600372.SH,,,,,,,,20210824,,,,,,,,,DFLT,-17600,,,,2.3915,2.3915,20200710,,,,20200714,,,,MCO_MST,,,,JPM,JPM_SW,,52.9792,7.015800986982883,,,CNH,USD,,,,,,,,,,,4,,-635.0,,,,,,,N,,,,,,,,,,,,,,,,,,,,,,,,,,,,,,,,,,,,,,,,,,,,
N,2,20200710J1000028,20200710J1000028,,,,CFD,CNH,CHINA COMMUNIC-A,SS,,RIC,601800.SH,,,,,,,,20210824,,,,,,,,,DFLT,-137200,,,,1.236,1.236,20200710,,,,20200714,,,,MCO_MST,,,,JPM,JPM_SW,,213.4493,7.015800986982883,,,CNH,USD,,,,,,,,,,,4,,-685.0,,,,,,,N,,,,,,,,,,,,,,,,,,,,,,,,,,,,,,,,,,,,,,,,,,,,
N,2,20200710J1000029,20200710J1000029,,,,CFD,CNH,CHINA ENTERPRI-A,SS,,RIC,600675.SH,,,,,,,,20210824,,,,,,,,,DFLT,-3800,,,,0.6756,0.6756,20200710,,,,20200714,,,,MCO_MST,,,,JPM,JPM_SW,,3.2314,7.015800986982883,,,CNH,USD,,,,,,,,,,,4,,-1070.0,,,,,,,N,,,,,,,,,,,,,,,,,,,,,,,,,,,,,,,,,,,,,,,,,,,,
N,2,20200710J1000030,20200710J1000030,,,,CFD,CNH,CHINA FILM CO -A,SS,,RIC,600977.SH,,,,,,,,20210824,,,,,,,,,DFLT,-80200,,,,2.1392,2.1392,20200710,,,,20200714,,,,MCO_MST,,,,JPM,JPM_SW,,215.9474,7.015800986982883,,,CNH,USD,,,,,,,,,,,4,,-635.0,,,,,,,N,,,,,,,,,,,,,,,,,,,,,,,,,,,,,,,,,,,,,,,,,,,,
N,2,20200710J1000031,20200710J1000031,,,,CFD,CNH,CHINA FORTUNE-A,SS,,RIC,600340.SH,,,,,,,,20210824,,,,,,,,,DFLT,-13140,,,,0.0,0.0,20200710,,,,20200710,,,,MCO_MST,,,,JPM,JPM_SW,,0.0,6.989248439126092,,,CNH,USD,,,,,,,,,,,4,,-595.0,,,,,,,N,,,,,,,,,,,,,,,,,,,,,,,,,,,,,,,,,,,,,,,,,,,,
N,2,20200710J1000032,20200710J1000032,,,,CFD,CNH,CHINA FORTUNE-A,SS,,RIC,600340.SH,,,,,,,,20210824,,,,,,,,,DFLT,-20000,,,,2.8913,2.8913,20200710,,,,20200714,,,,MCO_MST,,,,JPM,JPM_SW,,72.7856,7.015800986982883,,,CNH,USD,,,,,,,,,,,4,,-595.0,,,,,,,N,,,,,,,,,,,,,,,,,,,,,,,,,,,,,,,,,,,,,,,,,,,,
N,2,20200710J1000033,20200710J1000033,,,,CFD,CNH,CHINA GALAXY-A,SS,,RIC,601881.SH,,,,,,,,20210824,,,,,,,,,DFLT,-20100,,,,2.2321,2.2321,20200710,,,,20200714,,,,MCO_MST,,,,JPM,JPM_SW,,56.4718,7.015800986982883,,,CNH,USD,,,,,,,,,,,4,,-400.0,,,,,,,N,,,,,,,,,,,,,,,,,,,,,,,,,,,,,,,,,,,,,,,,,,,,
N,2,20200710J1000034,20200710J1000034,,,,CFD,CNH,CHINA GEZHOUBA-A,SS,,RIC,600068.SH,,,,,,,,20210824,,,,,,,,,DFLT,-800,,,,1.0319,1.0319,20200710,,,,20200714,,,,MCO_MST,,,,JPM,JPM_SW,,1.0391,7.015800986982883,,,CNH,USD,,,,,,,,,,,4,,-640.0,,,,,,,N,,,,,,,,,,,,,,,,,,,,,,,,,,,,,,,,,,,,,,,,,,,,
N,2,20200710J1000035,20200710J1000035,,,,CFD,CNH,CHINA GREAT WA-A,SS,,RIC,002939.ZK,,,,,,,,20210824,,,,,,,,,DFLT,-21800,,,,2.1291,2.1291,20200710,,,,20200714,,,,MCO_MST,,,,JPM,JPM_SW,,58.4218,7.015800986982883,,,CNH,USD,,,,,,,,,,,4,,-400.0,,,,,,,N,,,,,,,,,,,,,,,,,,,,,,,,,,,,,,,,,,,,,,,,,,,,
N,2,20200710J1000036,20200710J1000036,,,,CFD,CNH,CHINA LIFE INS-A,SS,,RIC,601628.SH,,,,,,,,20210824,,,,,,,,,DFLT,-1300,,,,5.9223,5.9223,20200710,,,,20200714,,,,MCO_MST,,,,JPM,JPM_SW,,9.6907,7.015800986982883,,,CNH,USD,,,,,,,,,,,4,,-400.0,,,,,,,N,,,,,,,,,,,,,,,,,,,,,,,,,,,,,,,,,,,,,,,,,,,,
N,2,20200710J1000037,20200710J1000037,,,,CFD,CNH,CHINA NATIONAL-A,SS,,RIC,600511.SH,,,,,,,,20210824,,,,,,,,,DFLT,-2500,,,,5.8365,5.8365,20200710,,,,20200714,,,,MCO_MST,,,,JPM,JPM_SW,,18.366,7.015800986982883,,,CNH,USD,,,,,,,,,,,4,,-1385.0,,,,,,,N,,,,,,,,,,,,,,,,,,,,,,,,,,,,,,,,,,,,,,,,,,,,
N,2,20200710J1000038,20200710J1000038,,,,CFD,CNH,CHINA NORTHERN-A,SS,,RIC,600111.SH,,,,,,,,20210824,,,,,,,,,DFLT,-97800,,,,1.741,1.741,20200710,,,,20200714,,,,MCO_MST,,,,JPM,JPM_SW,,214.3186,7.015800986982883,,,CNH,USD,,,,,,,,,,,4,,-445.0,,,,,,,N,,,,,,,,,,,,,,,,,,,,,,,,,,,,,,,,,,,,,,,,,,,,
N,2,20200710J1000039,20200710J1000039,,,,CFD,CNH,CHINA RESOURCE-A,SS,,RIC,000999.ZK,,,,,,,,20210824,,,,,,,,,DFLT,-56700,,,,4.5374,4.5374,20200710,,,,20200714,,,,MCO_MST,,,,JPM,JPM_SW,,323.8265,7.015800986982883,,,CNH,USD,,,,,,,,,,,4,,-785.0,,,,,,,N,,,,,,,,,,,,,,,,,,,,,,,,,,,,,,,,,,,,,,,,,,,,
N,2,20200710J1000040,20200710J1000040,,,,CFD,CNH,CHINA SATELLIT-A,SS,,RIC,601698.SH,,,,,,,,20210824,,,,,,,,,DFLT,-400,,,,3.4261,3.4261,20200710,,,,20200714,,,,MCO_MST,,,,JPM,JPM_SW,,1.725,7.015800986982883,,,CNH,USD,,,,,,,,,,,4,,-665.0,,,,,,,N,,,,,,,,,,,,,,,,,,,,,,,,,,,,,,,,,,,,,,,,,,,,
N,2,20200710J1000041,20200710J1000041,,,,CFD,CNH,CHINA TOURISM-A,SS,,RIC,601888.SH,,,,,,,,20210824,,,,,,,,,DFLT,-6200,,,,27.2463,27.2463,20200710,,,,20200714,,,,MCO_MST,,,,JPM,JPM_SW,,212.6285,7.015800986982883,,,CNH,USD,,,,,,,,,,,4,,-495.0,,,,,,,N,,,,,,,,,,,,,,,,,,,,,,,,,,,,,,,,,,,,,,,,,,,,
N,2,20200710J1000042,20200710J1000042,,,,CFD,CNH,CHINA VANKE CO-A,SS,,RIC,000002.ZK,,,,,,,,20210824,,,,,,,,,DFLT,-60600,,,,4.2319,4.2319,20200710,,,,20200714,,,,MCO_MST,,,,JPM,JPM_SW,,322.7976,7.015800986982883,,,CNH,USD,,,,,,,,,,,4,,-400.0,,,,,,,N,,,,,,,,,,,,,,,,,,,,,,,,,,,,,,,,,,,,,,,,,,,,
N,2,20200710J1000043,20200710J1000043,,,,CFD,CNH,CHINESE UNIVER-A,SS,,RIC,600373.SH,,,,,,,,20210824,,,,,,,,,DFLT,-31700,,,,1.9165,1.9165,20200710,,,,20200714,,,,MCO_MST,,,,JPM,JPM_SW,,76.4699,7.015800986982883,,,CNH,USD,,,,,,,,,,,4,,-1080.0,,,,,,,N,,,,,,,,,,,,,,,,,,,,,,,,,,,,,,,,,,,,,,,,,,,,
N,2,20200710J1000044,20200710J1000044,,,,CFD,CNH,CHONGQING BREW-A,SS,,RIC,600132.SH,,,,,,,,20210824,,,,,,,,,DFLT,-25700,,,,10.2224,10.2224,20200710,,,,20200714,,,,MCO_MST,,,,JPM,JPM_SW,,330.6802,7.015800986982883,,,CNH,USD,,,,,,,,,,,4,,-710.0,,,,,,,N,,,,,,,,,,,,,,,,,,,,,,,,,,,,,,,,,,,,,,,,,,,,
N,2,20200710J1000045,20200710J1000045,,,,CFD,CNH,CHONGQING CHAN-A,SS,,RIC,000625.ZK,,,,,,,,20210824,,,,,,,,,DFLT,-44200,,,,1.8238,1.8238,20200710,,,,20200714,,,,MCO_MST,,,,JPM,JPM_SW,,101.4663,7.015800986982883,,,CNH,USD,,,,,,,,,,,4,,-400.0,,,,,,,N,,,,,,,,,,,,,,,,,,,,,,,,,,,,,,,,,,,,,,,,,,,,
N,2,20200710J1000046,20200710J1000046,,,,CFD,CNH,CHOW TAI SENG -A,SS,,RIC,002867.ZK,,,,,,,,20210824,,,,,,,,,DFLT,-9900,,,,4.286,4.286,20200710,,,,20200714,,,,MCO_MST,,,,JPM,JPM_SW,,53.4084,7.015800986982883,,,CNH,USD,,,,,,,,,,,4,,-400.0,,,,,,,N,,,,,,,,,,,,,,,,,,,,,,,,,,,,,,,,,,,,,,,,,,,,
N,2,20200710J1000047,20200710J1000047,,,,CFD,CNH,CINDA REAL EST-A,SS,,RIC,600657.SH,,,,,,,,20210824,,,,,,,,,DFLT,-40100,,,,0.7985,0.7985,20200710,,,,20200714,,,,MCO_MST,,,,JPM,JPM_SW,,40.3034,7.015800986982883,,,CNH,USD,,,,,,,,,,,4,,-400.0,,,,,,,N,,,,,,,,,,,,,,,,,,,,,,,,,,,,,,,,,,,,,,,,,,,,
N,2,20200710J1000048,20200710J1000048,,,,CFD,CNH,CITI PACIFIC S-A,SS,,RIC,000708.ZK,,,,,,,,20210824,,,,,,,,,DFLT,-39200,,,,2.717,2.717,20200710,,,,20200714,,,,MCO_MST,,,,JPM,JPM_SW,,134.0596,7.015800986982883,,,CNH,USD,,,,,,,,,,,4,,-400.0,,,,,,,N,,,,,,,,,,,,,,,,,,,,,,,,,,,,,,,,,,,,,,,,,,,,
N,2,20200710J1000049,20200710J1000049,,,,CFD,CNH,CITIC SECURITI-A,SS,,RIC,600030.SH,,,,,,,,20210824,,,,,,,,,DFLT,-26600,,,,4.6193,4.6193,20200710,,,,20200714,,,,MCO_MST,,,,JPM,JPM_SW,,154.6607,7.015800986982883,,,CNH,USD,,,,,,,,,,,4,,-400.0,,,,,,,N,,,,,,,,,,,,,,,,,,,,,,,,,,,,,,,,,,,,,,,,,,,,
N,2,20200710J1000050,20200710J1000050,,,,CFD,CNH,CMST DEVELOPM-A,SS,,RIC,600787.SH,,,,,,,,20210824,,,,,,,,,DFLT,-25400,,,,0.7515,0.7515,20200710,,,,20200714,,,,MCO_MST,,,,JPM,JPM_SW,,24.0262,7.015800986982883,,,CNH,USD,,,,,,,,,,,4,,-400.0,,,,,,,N,,,,,,,,,,,,,,,,,,,,,,,,,,,,,,,,,,,,,,,,,,,,
N,2,20200710J1000051,20200710J1000051,,,,CFD,CNH,COFCO BIOTECH -A,SS,,RIC,000930.ZK,,,,,,,,20210824,,,,,,,,,DFLT,-90900,,,,1.0753,1.0753,20200710,,,,20200714,,,,MCO_MST,,,,JPM,JPM_SW,,123.0313,7.015800986982883,,,CNH,USD,,,,,,,,,,,4,,-400.0,,,,,,,N,,,,,,,,,,,,,,,,,,,,,,,,,,,,,,,,,,,,,,,,,,,,
N,2,20200710J1000052,20200710J1000052,,,,CFD,CNH,CONTEMPORARY A-A,SS,,RIC,300750.ZK,,,,,,,,20210824,,,,,,,,,DFLT,-8800,,,,29.153,29.153,20200710,,,,20200714,,,,MCO_MST,,,,JPM,JPM_SW,,322.915,7.015800986982883,,,CNH,USD,,,,,,,,,,,4,,-400.0,,,,,,,N,,,,,,,,,,,,,,,,,,,,,,,,,,,,,,,,,,,,,,,,,,,,
N,2,20200710J1000053,20200710J1000053,,,,CFD,CNH,CSC FINANCIAL -A,SS,,RIC,601066.SH,,,,,,,,20210824,,,,,,,,,DFLT,-22200,,,,7.3511,7.3511,20200710,,,,20200714,,,,MCO_MST,,,,JPM,JPM_SW,,205.4128,7.015800986982883,,,CNH,USD,,,,,,,,,,,4,,-635.0,,,,,,,N,,,,,,,,,,,,,,,,,,,,,,,,,,,,,,,,,,,,,,,,,,,,
N,2,20200710J1000054,20200710J1000054,,,,CFD,CNH,DASHENLIN PHAR-A,SS,,RIC,603233.SH,,,,,,,,20210824,,,,,,,,,DFLT,-8100,,,,10.9848,10.9848,20200710,,,,20200714,,,,MCO_MST,,,,JPM,JPM_SW,,111.9952,7.015800986982883,,,CNH,USD,,,,,,,,,,,4,,-1395.0,,,,,,,N,,,,,,,,,,,,,,,,,,,,,,,,,,,,,,,,,,,,,,,,,,,,
N,2,20200710J1000055,20200710J1000055,,,,CFD,CNH,DATONG COAL IN-A,SS,,RIC,601001.SH,,,,,,,,20210824,,,,,,,,,DFLT,-100,,,,0.8228,0.8228,20200710,,,,20200714,,,,MCO_MST,,,,JPM,JPM_SW,,0.1036,7.015800986982883,,,CNH,USD,,,,,,,,,,,4,,-400.0,,,,,,,N,,,,,,,,,,,,,,,,,,,,,,,,,,,,,,,,,,,,,,,,,,,,
N,2,20200710J1000056,20200710J1000056,,,,CFD,CNH,DHC SOFTWARE-A,SS,,RIC,002065.ZK,,,,,,,,20210824,,,,,,,,,DFLT,-19000,,,,2.1339,2.1339,20200710,,,,20200714,,,,MCO_MST,,,,JPM,JPM_SW,,51.0329,7.015800986982883,,,CNH,USD,,,,,,,,,,,4,,-630.0,,,,,,,N,,,,,,,,,,,,,,,,,,,,,,,,,,,,,,,,,,,,,,,,,,,,
N,2,20200710J1000057,20200710J1000057,,,,CFD,CNH,DIAN DIAGNOSTI-A,SS,,RIC,300244.ZK,,,,,,,,20210824,,,,,,,,,DFLT,-50900,,,,5.2829,5.2829,20200710,,,,20200714,,,,MCO_MST,,,,JPM,JPM_SW,,338.4639,7.015800986982883,,,CNH,USD,,,,,,,,,,,4,,-565.0,,,,,,,N,,,,,,,,,,,,,,,,,,,,,,,,,,,,,,,,,,,,,,,,,,,,
N,2,20200710J1000058,20200710J1000058,,,,CFD,CNH,DO-FLUORIDE-A,BC,,RIC,002407.ZK,,,,,,,,20210824,,,,,,,,,DFLT,19700,,,,1.7161,1.7161,20200710,,,,20200714,,,,MCO_MST,,,,JPM,JPM_SW,,8.7459,7.015800986982883,,,CNH,USD,,,,,,,,,,,4,,0.0,,,,,,,N,,,,,,,,,,,,,,,,,,,,,,,,,,,,,,,,,,,,,,,,,,,,
N,2,20200710J1000059,20200710J1000059,,,,CFD,CNH,DO-FLUORIDE-A,SS,,RIC,002407.ZK,,,,,,,,20210824,,,,,,,,,DFLT,-28500,,,,1.7163,1.7163,20200710,,,,20200714,,,,MCO_MST,,,,JPM,JPM_SW,,61.5687,7.015800986982883,,,CNH,USD,,,,,,,,,,,4,,-1320.0,,,,,,,N,,,,,,,,,,,,,,,,,,,,,,,,,,,,,,,,,,,,,,,,,,,,
N,2,20200710J1000060,20200710J1000060,,,,CFD,CNH,DONGXING SECUR-A,SS,,RIC,601198.SH,,,,,,,,20210824,,,,,,,,,DFLT,-53200,,,,2.0541,2.0541,20200710,,,,20200714,,,,MCO_MST,,,,JPM,JPM_SW,,137.5484,7.015800986982883,,,CNH,USD,,,,,,,,,,,4,,-525.0,,,,,,,N,,,,,,,,,,,,,,,,,,,,,,,,,,,,,,,,,,,,,,,,,,,,
N,2,20200710J1000061,20200710J1000061,,,,CFD,CNH,DOUBLE MEDICAL-A,SS,,RIC,002901.ZK,,,,,,,,20210824,,,,,,,,,DFLT,-3200,,,,15.951,15.951,20200710,,,,20200714,,,,MCO_MST,,,,JPM,JPM_SW,,64.2481,7.015800986982883,,,CNH,USD,,,,,,,,,,,4,,-400.0,,,,,,,N,,,,,,,,,,,,,,,,,,,,,,,,,,,,,,,,,,,,,,,,,,,,
N,2,20200710J1000062,20200710J1000062,,,,CFD,CNH,EASTERN COMMUN-A,SS,,RIC,600776.SH,,,,,,,,20210824,,,,,,,,,DFLT,-105600,,,,2.4438,2.4438,20200710,,,,20200714,,,,MCO_MST,,,,JPM,JPM_SW,,324.8268,7.015800986982883,,,CNH,USD,,,,,,,,,,,4,,-400.0,,,,,,,N,,,,,,,,,,,,,,,,,,,,,,,,,,,,,,,,,,,,,,,,,,,,
N,2,20200710J1000063,20200710J1000063,,,,CFD,CNH,ETERNAL ASIA -A,SS,,RIC,002183.ZK,,,,,,,,20210824,,,,,,,,,DFLT,-79300,,,,0.9198,0.9198,20200710,,,,20200714,,,,MCO_MST,,,,JPM,JPM_SW,,91.8098,7.015800986982883,,,CNH,USD,,,,,,,,,,,4,,-905.0000000000001,,,,,,,N,,,,,,,,,,,,,,,,,,,,,,,,,,,,,,,,,,,,,,,,,,,,
N,2,20200710J1000064,20200710J1000064,,,,CFD,CNH,EVE ENERGY-A,SS,,RIC,300014.ZK,,,,,,,,20210824,,,,,,,,,DFLT,-9000,,,,8.3988,8.3988,20200710,,,,20200714,,,,MCO_MST,,,,JPM,JPM_SW,,95.1441,7.015800986982883,,,CNH,USD,,,,,,,,,,,4,,-1165.0,,,,,,,N,,,,,,,,,,,,,,,,,,,,,,,,,,,,,,,,,,,,,,,,,,,,
N,2,20200710J1000065,20200710J1000065,,,,CFD,CNH,EVERBRIG SEC -A,SS,,RIC,601788.SH,,,,,,,,20210824,,,,,,,,,DFLT,-40000,,,,4.1297,4.1297,20200710,,,,20200714,,,,MCO_MST,,,,JPM,JPM_SW,,207.9221,7.015800986982883,,,CNH,USD,,,,,,,,,,,4,,-400.0,,,,,,,N,,,,,,,,,,,,,,,,,,,,,,,,,,,,,,,,,,,,,,,,,,,,
N,2,20200710J1000066,20200710J1000066,,,,CFD,CNH,FANGDA SPECIAL-A,SS,,RIC,600507.SH,,,,,,,,20210824,,,,,,,,,DFLT,-43300,,,,0.8968,0.8968,20200710,,,,20200714,,,,MCO_MST,,,,JPM,JPM_SW,,48.8771,7.015800986982883,,,CNH,USD,,,,,,,,,,,4,,-960.0,,,,,,,N,,,,,,,,,,,,,,,,,,,,,,,,,,,,,,,,,,,,,,,,,,,,
N,2,20200710J1000067,20200710J1000067,,,,CFD,CNH,FIBERHOME TELE-A,SS,,RIC,600498.SH,,,,,,,,20210824,,,,,,,,,DFLT,-17000,,,,4.8115,4.8115,20200710,,,,20200714,,,,MCO_MST,,,,JPM,JPM_SW,,102.956,7.015800986982883,,,CNH,USD,,,,,,,,,,,4,,-695.0,,,,,,,N,,,,,,,,,,,,,,,,,,,,,,,,,,,,,,,,,,,,,,,,,,,,
N,2,20200710J1000068,20200710J1000068,,,,CFD,CNH,FOUNDER SECURI-A,SS,,RIC,601901.SH,,,,,,,,20210824,,,,,,,,,DFLT,-134000,,,,1.2509,1.2509,20200710,,,,20200714,,,,MCO_MST,,,,JPM,JPM_SW,,210.984,7.015800986982883,,,CNH,USD,,,,,,,,,,,4,,-400.0,,,,,,,N,,,,,,,,,,,,,,,,,,,,,,,,,,,,,,,,,,,,,,,,,,,,
N,2,20200710J1000069,20200710J1000069,,,,CFD,CNH,FUJIAN STAR-A,SS,,RIC,002396.ZK,,,,,,,,20210824,,,,,,,,,DFLT,-5700,,,,5.6892,5.6892,20200710,,,,20200714,,,,MCO_MST,,,,JPM,JPM_SW,,40.8177,7.015800986982883,,,CNH,USD,,,,,,,,,,,4,,-1205.0,,,,,,,N,,,,,,,,,,,,,,,,,,,,,,,,,,,,,,,,,,,,,,,,,,,,
N,2,20200710J1000070,20200710J1000070,,,,CFD,CNH,GEMDALE CORP-A,SS,,RIC,600383.SH,,,,,,,,20210824,,,,,,,,,DFLT,-72400,,,,2.2469,2.2469,20200710,,,,20200714,,,,MCO_MST,,,,JPM,JPM_SW,,204.7597,7.015800986982883,,,CNH,USD,,,,,,,,,,,4,,-400.0,,,,,,,N,,,,,,,,,,,,,,,,,,,,,,,,,,,,,,,,,,,,,,,,,,,,
N,2,20200710J1000071,20200710J1000071,,,,CFD,CNH,GRG BANKING -A,SS,,RIC,002152.ZK,,,,,,,,20210824,,,,,,,,,DFLT,-1700,,,,2.104,2.104,20200710,,,,20200714,,,,MCO_MST,,,,JPM,JPM_SW,,4.5021,7.015800986982883,,,CNH,USD,,,,,,,,,,,4,,-1075.0,,,,,,,N,,,,,,,,,,,,,,,,,,,,,,,,,,,,,,,,,,,,,,,,,,,,
N,2,20200710J1000072,20200710J1000072,,,,CFD,CNH,GUANGDONG GOLD-A,SS,,RIC,000712.ZK,,,,,,,,20210824,,,,,,,,,DFLT,-20100,,,,2.2182,2.2182,20200710,,,,20200714,,,,MCO_MST,,,,JPM,JPM_SW,,56.1202,7.015800986982883,,,CNH,USD,,,,,,,,,,,4,,-760.0,,,,,,,N,,,,,,,,,,,,,,,,,,,,,,,,,,,,,,,,,,,,,,,,,,,,
N,2,20200710J1000073,20200710J1000073,,,,CFD,CNH,GUANGDONG HAID-A,SS,,RIC,002311.ZK,,,,,,,,20210824,,,,,,,,,DFLT,-11000,,,,7.4813,7.4813,20200710,,,,20200714,,,,MCO_MST,,,,JPM,JPM_SW,,103.5838,7.015800986982883,,,CNH,USD,,,,,,,,,,,4,,-400.0,,,,,,,N,,,,,,,,,,,,,,,,,,,,,,,,,,,,,,,,,,,,,,,,,,,,
N,2,20200710J1000074,20200710J1000074,,,,CFD,CNH,GUANGDONG TAPA-A,SS,,RIC,002233.ZK,,,,,,,,20210824,,,,,,,,,DFLT,-5100,,,,1.9036,1.9036,20200710,,,,20200714,,,,MCO_MST,,,,JPM,JPM_SW,,12.2199,7.015800986982883,,,CNH,USD,,,,,,,,,,,4,,-1390.0,,,,,,,N,,,,,,,,,,,,,,,,,,,,,,,,,,,,,,,,,,,,,,,,,,,,
N,2,20200710J1000075,20200710J1000075,,,,CFD,CNH,GUANGZHOU BAIY-A,SS,,RIC,600332.SH,,,,,,,,20210824,,,,,,,,,DFLT,-7800,,,,5.025,5.025,20200710,,,,20200714,,,,MCO_MST,,,,JPM,JPM_SW,,49.3347,7.015800986982883,,,CNH,USD,,,,,,,,,,,4,,-665.0,,,,,,,N,,,,,,,,,,,,,,,,,,,,,,,,,,,,,,,,,,,,,,,,,,,,
N,2,20200710J1000076,20200710J1000076,,,,CFD,CNH,GUANGZHOU KING-A,SS,,RIC,603882.SH,,,,,,,,20210824,,,,,,,,,DFLT,-13500,,,,12.7531,12.7531,20200710,,,,20200714,,,,MCO_MST,,,,JPM,JPM_SW,,216.7064,7.015800986982883,,,CNH,USD,,,,,,,,,,,4,,-400.0,,,,,,,N,,,,,,,,,,,,,,,,,,,,,,,,,,,,,,,,,,,,,,,,,,,,
N,2,20200710J1000077,20200710J1000077,,,,CFD,CNH,GUANGZHOU YUEX-A,SS,,RIC,000987.ZK,,,,,,,,20210824,,,,,,,,,DFLT,-23800,,,,2.8955,2.8955,20200710,,,,20200714,,,,MCO_MST,,,,JPM,JPM_SW,,86.7407,7.015800986982883,,,CNH,USD,,,,,,,,,,,4,,-1320.0,,,,,,,N,,,,,,,,,,,,,,,,,,,,,,,,,,,,,,,,,,,,,,,,,,,,
N,2,20200710J1000078,20200710J1000078,,,,CFD,CNH,GUIZHOU GAS GR-A,SS,,RIC,600903.SH,,,,,,,,20210824,,,,,,,,,DFLT,-31600,,,,1.7082,1.7082,20200710,,,,20200714,,,,MCO_MST,,,,JPM,JPM_SW,,67.9435,7.015800986982883,,,CNH,USD,,,,,,,,,,,4,,-1440.0,,,,,,,N,,,,,,,,,,,,,,,,,,,,,,,,,,,,,,,,,,,,,,,,,,,,
N,2,20200710J1000079,20200710J1000079,,,,CFD,CNH,GUOSHENG FINAN-A,SS,,RIC,002670.ZK,,,,,,,,20210824,,,,,,,,,DFLT,-10000,,,,1.6287,1.6287,20200710,,,,20200714,,,,MCO_MST,,,,JPM,JPM_SW,,20.5004,7.015800986982883,,,CNH,USD,,,,,,,,,,,4,,-690.0,,,,,,,N,,,,,,,,,,,,,,,,,,,,,,,,,,,,,,,,,,,,,,,,,,,,
N,2,20200710J1000080,20200710J1000080,,,,CFD,CNH,GUOYUAN SECURI-A,SS,,RIC,000728.ZK,,,,,,,,20210824,,,,,,,,,DFLT,-102900,,,,1.5641,1.5641,20200710,,,,20200714,,,,MCO_MST,,,,JPM,JPM_SW,,202.5826,7.015800986982883,,,CNH,USD,,,,,,,,,,,4,,-415.00000000000006,,,,,,,N,,,,,,,,,,,,,,,,,,,,,,,,,,,,,,,,,,,,,,,,,,,,
N,2,20200710J1000081,20200710J1000081,,,,CFD,CNH,HAITONG SECURI-A,SS,,RIC,600837.SH,,,,,,,,20210824,,,,,,,,,DFLT,-68100,,,,2.2805,2.2805,20200710,,,,20200714,,,,MCO_MST,,,,JPM,JPM_SW,,195.4787,7.015800986982883,,,CNH,USD,,,,,,,,,,,4,,-445.0,,,,,,,N,,,,,,,,,,,,,,,,,,,,,,,,,,,,,,,,,,,,,,,,,,,,
N,2,20200710J1000082,20200710J1000082,,,,CFD,CNH,HANG ZHOU GREA-A,SS,,RIC,002444.ZK,,,,,,,,20210824,,,,,,,,,DFLT,-600,,,,1.9482,1.9482,20200710,,,,20200714,,,,MCO_MST,,,,JPM,JPM_SW,,1.4713,7.015800986982883,,,CNH,USD,,,,,,,,,,,4,,-650.0,,,,,,,N,,,,,,,,,,,,,,,,,,,,,,,,,,,,,,,,,,,,,,,,,,,,
N,2,20200710J1000083,20200710J1000083,,,,CFD,CNH,HANGZHOU FIRST-A,SS,,RIC,603806.SH,,,,,,,,20210824,,,,,,,,,DFLT,-8600,,,,7.9157,7.9157,20200710,,,,20200714,,,,MCO_MST,,,,JPM,JPM_SW,,85.686,7.015800986982883,,,CNH,USD,,,,,,,,,,,4,,-1175.0,,,,,,,N,,,,,,,,,,,,,,,,,,,,,,,,,,,,,,,,,,,,,,,,,,,,
N,2,20200710J1000084,20200710J1000084,,,,CFD,CNH,HANGZHOU HIKVI-A,SS,,RIC,002415.ZK,,,,,,,,20210824,,,,,,,,,DFLT,-31300,,,,5.3525,5.3525,20200710,,,,20200714,,,,MCO_MST,,,,JPM,JPM_SW,,210.8741,7.015800986982883,,,CNH,USD,,,,,,,,,,,4,,-400.0,,,,,,,N,,,,,,,,,,,,,,,,,,,,,,,,,,,,,,,,,,,,,,,,,,,,
N,2,20200710J1000085,20200710J1000085,,,,CFD,CNH,HANGZHOU SHUNF-A,SS,,RIC,300113.ZK,,,,,,,,20210824,,,,,,,,,DFLT,-18500,,,,4.0809,4.0809,20200710,,,,20200714,,,,MCO_MST,,,,JPM,JPM_SW,,95.0276,7.015800986982883,,,CNH,USD,,,,,,,,,,,4,,-665.0,,,,,,,N,,,,,,,,,,,,,,,,,,,,,,,,,,,,,,,,,,,,,,,,,,,,
N,2,20200710J1000086,20200710J1000086,,,,CFD,CNH,HANGZHOU SILAN-A,SS,,RIC,600460.SH,,,,,,,,20210824,,,,,,,,,DFLT,-68200,,,,2.426,2.426,20200710,,,,20200714,,,,MCO_MST,,,,JPM,JPM_SW,,208.2559,7.015800986982883,,,CNH,USD,,,,,,,,,,,4,,-1225.0,,,,,,,N,,,,,,,,,,,,,,,,,,,,,,,,,,,,,,,,,,,,,,,,,,,,
N,2,20200710J1000087,20200710J1000087,,,,CFD,CNH,HEFEI MEIYA OP-A,SS,,RIC,002690.ZK,,,,,,,,20210824,,,,,,,,,DFLT,-29100,,,,7.749,7.749,20200710,,,,20200714,,,,MCO_MST,,,,JPM,JPM_SW,,283.8317,7.015800986982883,,,CNH,USD,,,,,,,,,,,4,,-1315.0,,,,,,,N,,,,,,,,,,,,,,,,,,,,,,,,,,,,,,,,,,,,,,,,,,,,
N,2,20200710J1000088,20200710J1000088,,,,CFD,CNH,HEILONGJIANG-A,SS,,RIC,600598.SH,,,,,,,,20210824,,,,,,,,,DFLT,-57200,,,,2.513,2.513,20200710,,,,20200714,,,,MCO_MST,,,,JPM,JPM_SW,,180.9301,7.015800986982883,,,CNH,USD,,,,,,,,,,,4,,-1210.0,,,,,,,N,,,,,,,,,,,,,,,,,,,,,,,,,,,,,,,,,,,,,,,,,,,,
N,2,20200710J1000089,20200710J1000089,,,,CFD,CNH,HENGTONG OPTIC-A,SS,,RIC,600487.SH,,,,,,,,20210824,,,,,,,,,DFLT,-9800,,,,2.6878,2.6878,20200710,,,,20200714,,,,MCO_MST,,,,JPM,JPM_SW,,33.1547,7.015800986982883,,,CNH,USD,,,,,,,,,,,4,,-620.0,,,,,,,N,,,,,,,,,,,,,,,,,,,,,,,,,,,,,,,,,,,,,,,,,,,,
N,2,20200710J1000090,20200710J1000090,,,,CFD,CNH,HITHINK ROYALF-A,SS,,RIC,300033.ZK,,,,,,,,20210824,,,,,,,,,DFLT,-1300,,,,24.6255,24.6255,20200710,,,,20200714,,,,MCO_MST,,,,JPM,JPM_SW,,40.295,7.015800986982883,,,CNH,USD,,,,,,,,,,,4,,-400.0,,,,,,,N,,,,,,,,,,,,,,,,,,,,,,,,,,,,,,,,,,,,,,,,,,,,
N,2,20200710J1000091,20200710J1000091,,,,CFD,CNH,HUAAN SECURITI-A,SS,,RIC,600909.SH,,,,,,,,20210824,,,,,,,,,DFLT,-1200,,,,1.2572,1.2572,20200710,,,,20200714,,,,MCO_MST,,,,JPM,JPM_SW,,1.8989,7.015800986982883,,,CNH,USD,,,,,,,,,,,4,,-450.0,,,,,,,N,,,,,,,,,,,,,,,,,,,,,,,,,,,,,,,,,,,,,,,,,,,,
N,2,20200710J1000092,20200710J1000092,,,,CFD,CNH,HUADONG MEDICI-A,SS,,RIC,000963.ZK,,,,,,,,20210824,,,,,,,,,DFLT,-42200,,,,4.0367,4.0367,20200710,,,,20200714,,,,MCO_MST,,,,JPM,JPM_SW,,214.418,7.015800986982883,,,CNH,USD,,,,,,,,,,,4,,-400.0,,,,,,,N,,,,,,,,,,,,,,,,,,,,,,,,,,,,,,,,,,,,,,,,,,,,
N,2,20200710J1000093,20200710J1000093,,,,CFD,CNH,HUAFON MICROFI-A,SS,,RIC,300180.ZK,,,,,,,,20210824,,,,,,,,,DFLT,-23800,,,,1.3922,1.3922,20200710,,,,20200714,,,,MCO_MST,,,,JPM,JPM_SW,,41.7062,7.015800986982883,,,CNH,USD,,,,,,,,,,,4,,-985.0,,,,,,,N,,,,,,,,,,,,,,,,,,,,,,,,,,,,,,,,,,,,,,,,,,,,
N,2,20200710J1000094,20200710J1000094,,,,CFD,CNH,HUAGONG TECH -A,SS,,RIC,000988.ZK,,,,,,,,20210824,,,,,,,,,DFLT,-44300,,,,3.7679,3.7679,20200710,,,,20200714,,,,MCO_MST,,,,JPM,JPM_SW,,210.0996,7.015800986982883,,,CNH,USD,,,,,,,,,,,4,,-425.0,,,,,,,N,,,,,,,,,,,,,,,,,,,,,,,,,,,,,,,,,,,,,,,,,,,,
N,2,20200710J1000095,20200710J1000095,,,,CFD,CNH,HUAIBEI MINING-A,SS,,RIC,600985.SH,,,,,,,,20210824,,,,,,,,,DFLT,-29000,,,,1.3732,1.3732,20200710,,,,20200714,,,,MCO_MST,,,,JPM,JPM_SW,,50.125,7.015800986982883,,,CNH,USD,,,,,,,,,,,4,,-400.0,,,,,,,N,,,,,,,,,,,,,,,,,,,,,,,,,,,,,,,,,,,,,,,,,,,,
N,2,20200710J1000096,20200710J1000096,,,,CFD,CNH,HUAXI SECURITI-A,SS,,RIC,002926.ZK,,,,,,,,20210824,,,,,,,,,DFLT,-52000,,,,1.9076,1.9076,20200710,,,,20200714,,,,MCO_MST,,,,JPM,JPM_SW,,124.857,7.015800986982883,,,CNH,USD,,,,,,,,,,,4,,-940.0,,,,,,,N,,,,,,,,,,,,,,,,,,,,,,,,,,,,,,,,,,,,,,,,,,,,
N,2,20200710J1000097,20200710J1000097,,,,CFD,CNH,HUAXIN CEMENT-A,SS,,RIC,600801.SH,,,,,,,,20210824,,,,,,,,,DFLT,-8000,,,,3.6432,3.6432,20200710,,,,20200714,,,,MCO_MST,,,,JPM,JPM_SW,,36.6856,7.015800986982883,,,CNH,USD,,,,,,,,,,,4,,-1165.0,,,,,,,N,,,,,,,,,,,,,,,,,,,,,,,,,,,,,,,,,,,,,,,,,,,,
N,2,20200710J1000098,20200710J1000098,,,,CFD,CNH,HUBEI BIOCAUSE-A,SS,,RIC,000627.ZK,,,,,,,,20210824,,,,,,,,,DFLT,-47600,,,,0.8892,0.8892,20200710,,,,20200714,,,,MCO_MST,,,,JPM,JPM_SW,,53.2756,7.015800986982883,,,CNH,USD,,,,,,,,,,,4,,-400.0,,,,,,,N,,,,,,,,,,,,,,,,,,,,,,,,,,,,,,,,,,,,,,,,,,,,
N,2,20200710J1000099,20200710J1000099,,,,CFD,CNH,HUBEI JUMPCAN -A,SS,,RIC,600566.SH,,,,,,,,20210824,,,,,,,,,DFLT,-200,,,,3.9268,3.9268,20200710,,,,20200714,,,,MCO_MST,,,,JPM,JPM_SW,,0.9885,7.015800986982883,,,CNH,USD,,,,,,,,,,,4,,-819.9999999999999,,,,,,,N,,,,,,,,,,,,,,,,,,,,,,,,,,,,,,,,,,,,,,,,,,,,
N,2,20200710J1000100,20200710J1000100,,,,CFD,CNH,HUBEI KAILE SC-A,S,,RIC,600260.SH,,,,,,,,20210824,,,,,,,,,DFLT,-78900,,,,2.1786,2.1786,20200710,,,,20200714,,,,MCO_MST,,,,JPM,JPM_SW,,216.3599,7.015800986982883,,,CNH,USD,,,,,,,,,,,4,,0.0,,,,,,,N,,,,,,,,,,,,,,,,,,,,,,,,,,,,,,,,,,,,,,,,,,,,
N,2,20200710J1000101,20200710J1000101,,,,CFD,CNH,HUBEI KAILE SC-A,B,,RIC,600260.SH,,,,,,,,20210824,,,,,,,,,DFLT,78900,,,,2.1807,2.1807,20200710,,,,20200714,,,,MCO_MST,,,,JPM,JPM_SW,,44.5112,7.015800986982883,,,CNH,USD,,,,,,,,,,,4,,60.0,,,,,,,N,,,,,,,,,,,,,,,,,,,,,,,,,,,,,,,,,,,,,,,,,,,,
N,2,20200710J1000102,20200710J1000102,,,,CFD,CNH,HUBEI XINGFA-A,SS,,RIC,600141.SH,,,,,,,,20210824,,,,,,,,,DFLT,-29000,,,,1.4548,1.4548,20200710,,,,20200714,,,,MCO_MST,,,,JPM,JPM_SW,,53.1035,7.015800986982883,,,CNH,USD,,,,,,,,,,,4,,-755.0,,,,,,,N,,,,,,,,,,,,,,,,,,,,,,,,,,,,,,,,,,,,,,,,,,,,
N,2,20200710J1000103,20200710J1000103,,,,CFD,CNH,HUIZHOU DESAY -A,SS,,RIC,002920.ZK,,,,,,,,20210824,,,,,,,,,DFLT,-10500,,,,9.7753,9.7753,20200710,,,,20200714,,,,MCO_MST,,,,JPM,JPM_SW,,129.1938,7.015800986982883,,,CNH,USD,,,,,,,,,,,4,,-400.0,,,,,,,N,,,,,,,,,,,,,,,,,,,,,,,,,,,,,,,,,,,,,,,,,,,,
N,2,20200710J1000104,20200710J1000104,,,,CFD,CNH,HUMANWELL HEAL-A,SS,,RIC,600079.SH,,,,,,,,20210824,,,,,,,,,DFLT,-60200,,,,4.2719,4.2719,20200710,,,,20200714,,,,MCO_MST,,,,JPM,JPM_SW,,323.6978,7.015800986982883,,,CNH,USD,,,,,,,,,,,4,,-1300.0,,,,,,,N,,,,,,,,,,,,,,,,,,,,,,,,,,,,,,,,,,,,,,,,,,,,
N,2,20200710J1000105,20200710J1000105,,,,CFD,CNH,HUOLINHE COAL-A,SS,,RIC,002128.ZK,,,,,,,,20210824,,,,,,,,,DFLT,-6400,,,,1.7794,1.7794,20200710,,,,20200714,,,,MCO_MST,,,,JPM,JPM_SW,,14.3343,7.015800986982883,,,CNH,USD,,,,,,,,,,,4,,-400.0,,,,,,,N,,,,,,,,,,,,,,,,,,,,,,,,,,,,,,,,,,,,,,,,,,,,
N,2,20200710J1000106,20200710J1000106,,,,CFD,CNH,HYTERA COMMUNI-A,SS,,RIC,002583.ZK,,,,,,,,20210824,,,,,,,,,DFLT,-6900,,,,1.3178,1.3178,20200710,,,,20200714,,,,MCO_MST,,,,JPM,JPM_SW,,11.4451,7.015800986982883,,,CNH,USD,,,,,,,,,,,4,,-400.0,,,,,,,N,,,,,,,,,,,,,,,,,,,,,,,,,,,,,,,,,,,,,,,,,,,,
N,2,20200710J1000107,20200710J1000107,,,,CFD,CNH,HYTERA COMMUNI-A,BC,,RIC,002583.ZK,,,,,,,,20210824,,,,,,,,,DFLT,23200,,,,1.3031,1.3031,20200710,,,,20200714,,,,MCO_MST,,,,JPM,JPM_SW,,7.821,7.015800986982883,,,CNH,USD,,,,,,,,,,,4,,0.0,,,,,,,N,,,,,,,,,,,,,,,,,,,,,,,,,,,,,,,,,,,,,,,,,,,,
N,2,20200710J1000108,20200710J1000108,,,,CFD,CNH,INDUSTRIAL-A,SS,,RIC,601377.SH,,,,,,,,20210824,,,,,,,,,DFLT,-114700,,,,1.4136,1.4136,20200710,,,,20200714,,,,MCO_MST,,,,JPM,JPM_SW,,204.0855,7.015800986982883,,,CNH,USD,,,,,,,,,,,4,,-680.0,,,,,,,N,,,,,,,,,,,,,,,,,,,,,,,,,,,,,,,,,,,,,,,,,,,,
N,2,20200710J1000109,20200710J1000109,,,,CFD,CNH,INNER MONG YIL-A,SS,,RIC,600887.SH,,,,,,,,20210824,,,,,,,,,DFLT,-51800,,,,4.9474,4.9474,20200710,,,,20200714,,,,MCO_MST,,,,JPM,JPM_SW,,322.5737,7.015800986982883,,,CNH,USD,,,,,,,,,,,4,,-400.0,,,,,,,N,,,,,,,,,,,,,,,,,,,,,,,,,,,,,,,,,,,,,,,,,,,,
N,2,20200710J1000110,20200710J1000110,,,,CFD,CNH,JASON FURNITUR-A,SS,,RIC,603816.SH,,,,,,,,20210824,,,,,,,,,DFLT,-3700,,,,7.8958,7.8958,20200710,,,,20200714,,,,MCO_MST,,,,JPM,JPM_SW,,36.7722,7.015800986982883,,,CNH,USD,,,,,,,,,,,4,,-409.99999999999994,,,,,,,N,,,,,,,,,,,,,,,,,,,,,,,,,,,,,,,,,,,,,,,,,,,,
N,2,20200710J1000111,20200710J1000111,,,,CFD,CNH,JIANGSU JIANGY-A,SS,,RIC,002807.ZK,,,,,,,,20210824,,,,,,,,,DFLT,-200,,,,0.6747,0.6747,20200710,,,,20200714,,,,MCO_MST,,,,JPM,JPM_SW,,0.1698,7.015800986982883,,,CNH,USD,,,,,,,,,,,4,,-400.0,,,,,,,N,,,,,,,,,,,,,,,,,,,,,,,,,,,,,,,,,,,,,,,,,,,,
N,2,20200710J1000112,20200710J1000112,,,,CFD,CNH,JIANGSU KING'S-A,SS,,RIC,603369.SH,,,,,,,,20210824,,,,,,,,,DFLT,-1100,,,,6.2763,6.2763,20200710,,,,20200714,,,,MCO_MST,,,,JPM,JPM_SW,,8.69,7.015800986982883,,,CNH,USD,,,,,,,,,,,4,,-400.0,,,,,,,N,,,,,,,,,,,,,,,,,,,,,,,,,,,,,,,,,,,,,,,,,,,,
N,2,20200710J1000113,20200710J1000113,,,,CFD,CNH,JIANGSU YANGHE-A,SS,,RIC,002304.ZK,,,,,,,,20210824,,,,,,,,,DFLT,-13500,,,,18.8663,18.8663,20200710,,,,20200714,,,,MCO_MST,,,,JPM,JPM_SW,,320.5847,7.015800986982883,,,CNH,USD,,,,,,,,,,,4,,-400.0,,,,,,,N,,,,,,,,,,,,,,,,,,,,,,,,,,,,,,,,,,,,,,,,,,,,
N,2,20200710J1000114,20200710J1000114,,,,CFD,CNH,JIANGSU YANGNO-A,SS,,RIC,600486.SH,,,,,,,,20210824,,,,,,,,,DFLT,-21100,,,,12.4127,12.4127,20200710,,,,20200714,,,,MCO_MST,,,,JPM,JPM_SW,,329.6636,7.015800986982883,,,CNH,USD,,,,,,,,,,,4,,-855.0000000000001,,,,,,,N,,,,,,,,,,,,,,,,,,,,,,,,,,,,,,,,,,,,,,,,,,,,
N,2,20200710J1000115,20200710J1000115,,,,CFD,CNH,JIANGSU ZHANGJ-A,SS,,RIC,002839.ZK,,,,,,,,20210824,,,,,,,,,DFLT,-119200,,,,0.9768,0.9768,20200710,,,,20200714,,,,MCO_MST,,,,JPM,JPM_SW,,146.5562,7.015800986982883,,,CNH,USD,,,,,,,,,,,4,,-1325.0,,,,,,,N,,,,,,,,,,,,,,,,,,,,,,,,,,,,,,,,,,,,,,,,,,,,
N,2,20200710J1000116,20200710J1000116,,,,CFD,CNH,JIANGSU ZHONG-A,SS,,RIC,000961.ZK,,,,,,,,20210824,,,,,,,,,DFLT,-103500,,,,1.5072,1.5072,20200710,,,,20200714,,,,MCO_MST,,,,JPM,JPM_SW,,196.3512,7.015800986982883,,,CNH,USD,,,,,,,,,,,4,,-400.0,,,,,,,N,,,,,,,,,,,,,,,,,,,,,,,,,,,,,,,,,,,,,,,,,,,,
N,2,20200710J1000117,20200710J1000117,,,,CFD,CNH,ZHONGTIAN TECH-A,SS,,RIC,600522.SH,,,,,,,,20210824,,,,,,,,,DFLT,-6100,,,,1.9506,1.9506,20200710,,,,20200714,,,,MCO_MST,,,,JPM,JPM_SW,,14.9768,7.015800986982883,,,CNH,USD,,,,,,,,,,,4,,-400.0,,,,,,,N,,,,,,,,,,,,,,,,,,,,,,,,,,,,,,,,,,,,,,,,,,,,
N,2,20200710J1000118,20200710J1000118,,,,CFD,CNH,JIANGSU ZIJIN -A,SS,,RIC,601860.SH,,,,,,,,20210824,,,,,,,,,DFLT,-3300,,,,0.7035,0.7035,20200710,,,,20200714,,,,MCO_MST,,,,JPM,JPM_SW,,2.9221,7.015800986982883,,,CNH,USD,,,,,,,,,,,4,,-1435.0,,,,,,,N,,,,,,,,,,,,,,,,,,,,,,,,,,,,,,,,,,,,,,,,,,,,
N,2,20200710J1000119,20200710J1000119,,,,CFD,CNH,JIANGXI COPPER-A,SS,,RIC,600362.SH,,,,,,,,20210824,,,,,,,,,DFLT,-100,,,,2.3004,2.3004,20200710,,,,20200714,,,,MCO_MST,,,,JPM,JPM_SW,,0.2896,7.015800986982883,,,CNH,USD,,,,,,,,,,,4,,-400.0,,,,,,,N,,,,,,,,,,,,,,,,,,,,,,,,,,,,,,,,,,,,,,,,,,,,
N,2,20200710J1000120,20200710J1000120,,,,CFD,CNH,JINDUICHENG -A,SS,,RIC,601958.SH,,,,,,,,20210824,,,,,,,,,DFLT,-54000,,,,0.9711,0.9711,20200710,,,,20200714,,,,MCO_MST,,,,JPM,JPM_SW,,66.0055,7.015800986982883,,,CNH,USD,,,,,,,,,,,4,,-400.0,,,,,,,N,,,,,,,,,,,,,,,,,,,,,,,,,,,,,,,,,,,,,,,,,,,,
N,2,20200710J1000121,20200710J1000121,,,,CFD,CNH,JOINTO ENERGY-A,SS,,RIC,000600.ZK,,,,,,,,20210824,,,,,,,,,DFLT,-25600,,,,0.832,0.832,20200710,,,,20200714,,,,MCO_MST,,,,JPM,JPM_SW,,26.8093,7.015800986982883,,,CNH,USD,,,,,,,,,,,4,,-1230.0,,,,,,,N,,,,,,,,,,,,,,,,,,,,,,,,,,,,,,,,,,,,,,,,,,,,
N,2,20200710J1000122,20200710J1000122,,,,CFD,CNH,JONJEE HIGH-TE-A,SS,,RIC,600872.SH,,,,,,,,20210824,,,,,,,,,DFLT,-1300,,,,8.5985,8.5985,20200710,,,,20200714,,,,MCO_MST,,,,JPM,JPM_SW,,14.0698,7.015800986982883,,,CNH,USD,,,,,,,,,,,4,,-459.99999999999994,,,,,,,N,,,,,,,,,,,,,,,,,,,,,,,,,,,,,,,,,,,,,,,,,,,,
N,2,20200710J1000123,20200710J1000123,,,,CFD,CNH,JUEWEI FOOD CO-A,SS,,RIC,603517.SH,,,,,,,,20210824,,,,,,,,,DFLT,-25500,,,,10.0245,10.0245,20200710,,,,20200714,,,,MCO_MST,,,,JPM,JPM_SW,,321.7549,7.015800986982883,,,CNH,USD,,,,,,,,,,,4,,-1185.0,,,,,,,N,,,,,,,,,,,,,,,,,,,,,,,,,,,,,,,,,,,,,,,,,,,,
N,2,20200710J1000124,20200710J1000124,,,,CFD,CNH,KINGFA SCI.-A,SS,,RIC,600143.SH,,,,,,,,20210824,,,,,,,,,DFLT,-106300,,,,2.4395,2.4395,20200710,,,,20200714,,,,MCO_MST,,,,JPM,JPM_SW,,326.4046,7.015800986982883,,,CNH,USD,,,,,,,,,,,4,,-400.0,,,,,,,N,,,,,,,,,,,,,,,,,,,,,,,,,,,,,,,,,,,,,,,,,,,,
N,2,20200710J1000125,20200710J1000125,,,,CFD,CNH,KWEICHOW MOUTA-A,SS,,RIC,600519.SH,,,,,,,,20210824,,,,,,,,,DFLT,-300,,,,242.7105,242.7105,20200710,,,,20200714,,,,MCO_MST,,,,JPM,JPM_SW,,91.6499,7.015800986982883,,,CNH,USD,,,,,,,,,,,4,,-400.0,,,,,,,N,,,,,,,,,,,,,,,,,,,,,,,,,,,,,,,,,,,,,,,,,,,,
N,2,20200710J1000126,20200710J1000126,,,,CFD,CNH,LAOBAIXING PHA-A,SS,,RIC,603883.SH,,,,,,,,20210824,,,,,,,,,DFLT,-6000,,,,14.2696,14.2696,20200710,,,,20200714,,,,MCO_MST,,,,JPM,JPM_SW,,107.7669,7.015800986982883,,,CNH,USD,,,,,,,,,,,4,,-715.0,,,,,,,N,,,,,,,,,,,,,,,,,,,,,,,,,,,,,,,,,,,,,,,,,,,,
N,2,20200710J1000127,20200710J1000127,,,,CFD,CNH,LENS TECHNOLOG-A,SS,,RIC,300433.ZK,,,,,,,,20210824,,,,,,,,,DFLT,-36300,,,,4.6265,4.6265,20200710,,,,20200714,,,,MCO_MST,,,,JPM,JPM_SW,,211.3885,7.015800986982883,,,CNH,USD,,,,,,,,,,,4,,-400.0,,,,,,,N,,,,,,,,,,,,,,,,,,,,,,,,,,,,,,,,,,,,,,,,,,,,
N,2,20200710J1000128,20200710J1000128,,,,CFD,CNH,LIANHE CHEMICA-A,SS,,RIC,002250.ZK,,,,,,,,20210824,,,,,,,,,DFLT,-11400,,,,3.4575,3.4575,20200710,,,,20200714,,,,MCO_MST,,,,JPM,JPM_SW,,49.6123,7.015800986982883,,,CNH,USD,,,,,,,,,,,4,,-400.0,,,,,,,N,,,,,,,,,,,,,,,,,,,,,,,,,,,,,,,,,,,,,,,,,,,,
N,2,20200710J1000129,20200710J1000129,,,,CFD,CNH,LINGYI ITECH -A,SS,,RIC,002600.ZK,,,,,,,,20210824,,,,,,,,,DFLT,-100,,,,1.815,1.815,20200710,,,,20200714,,,,MCO_MST,,,,JPM,JPM_SW,,0.2285,7.015800986982883,,,CNH,USD,,,,,,,,,,,4,,-730.0,,,,,,,N,,,,,,,,,,,,,,,,,,,,,,,,,,,,,,,,,,,,,,,,,,,,
N,2,20200710J1000130,20200710J1000130,,,,CFD,CNH,LIVZON PHARM-A,SS,,RIC,000513.ZK,,,,,,,,20210824,,,,,,,,,DFLT,-36600,,,,7.0547,7.0547,20200710,,,,20200714,,,,MCO_MST,,,,JPM,JPM_SW,,324.9989,7.015800986982883,,,CNH,USD,,,,,,,,,,,4,,-785.0,,,,,,,N,,,,,,,,,,,,,,,,,,,,,,,,,,,,,,,,,,,,,,,,,,,,
N,2,20200710J1000131,20200710J1000131,,,,CFD,CNH,LUZHOU LAOJIAO-A,SS,,RIC,000568.ZK,,,,,,,,20210824,,,,,,,,,DFLT,-9800,,,,16.7746,16.7746,20200710,,,,20200714,,,,MCO_MST,,,,JPM,JPM_SW,,206.9191,7.015800986982883,,,CNH,USD,,,,,,,,,,,4,,-400.0,,,,,,,N,,,,,,,,,,,,,,,,,,,,,,,,,,,,,,,,,,,,,,,,,,,,
N,2,20200710J1000132,20200710J1000132,,,,CFD,CNH,MANGO-A,SS,,RIC,300413.ZK,,,,,,,,20210824,,,,,,,,,DFLT,-17900,,,,9.5796,9.5796,20200710,,,,20200714,,,,MCO_MST,,,,JPM,JPM_SW,,215.8354,7.015800986982883,,,CNH,USD,,,,,,,,,,,4,,-405.0,,,,,,,N,,,,,,,,,,,,,,,,,,,,,,,,,,,,,,,,,,,,,,,,,,,,
N,2,20200710J1000133,20200710J1000133,,,,CFD,CNH,MEINIAN ONEHEA-A,SS,,RIC,002044.ZK,,,,,,,,20210824,,,,,,,,,DFLT,-2600,,,,2.2913,2.2913,20200710,,,,20200714,,,,MCO_MST,,,,JPM,JPM_SW,,7.4986,7.015800986982883,,,CNH,USD,,,,,,,,,,,4,,-400.0,,,,,,,N,,,,,,,,,,,,,,,,,,,,,,,,,,,,,,,,,,,,,,,,,,,,
N,2,20200710J1000134,20200710J1000134,,,,CFD,CNH,MING YANG SMAR-A,SS,,RIC,601615.SH,,,,,,,,20210824,,,,,,,,,DFLT,-25700,,,,2.079,2.079,20200710,,,,20200714,,,,MCO_MST,,,,JPM,JPM_SW,,67.2527,7.015800986982883,,,CNH,USD,,,,,,,,,,,4,,-455.0,,,,,,,N,,,,,,,,,,,,,,,,,,,,,,,,,,,,,,,,,,,,,,,,,,,,
N,2,20200710J1000135,20200710J1000135,,,,CFD,CNH,NARI TECHNOLOG-A,SS,,RIC,600406.SH,,,,,,,,20210824,,,,,,,,,DFLT,-28600,,,,3.1153,3.1153,20200710,,,,20200714,,,,MCO_MST,,,,JPM,JPM_SW,,112.1471,7.015800986982883,,,CNH,USD,,,,,,,,,,,4,,-400.0,,,,,,,N,,,,,,,,,,,,,,,,,,,,,,,,,,,,,,,,,,,,,,,,,,,,
N,2,20200710J1000136,20200710J1000136,,,,CFD,CNH,NAVINFO CO LTD-A,SS,,RIC,002405.ZK,,,,,,,,20210824,,,,,,,,,DFLT,-1800,,,,3.0606,3.0606,20200710,,,,20200714,,,,MCO_MST,,,,JPM,JPM_SW,,6.9343,7.015800986982883,,,CNH,USD,,,,,,,,,,,4,,-730.0,,,,,,,N,,,,,,,,,,,,,,,,,,,,,,,,,,,,,,,,,,,,,,,,,,,,
N,2,20200710J1000137,20200710J1000137,,,,CFD,CNH,NINGBO JOYSON -A,SS,,RIC,600699.SH,,,,,,,,20210824,,,,,,,,,DFLT,-44900,,,,3.7669,3.7669,20200710,,,,20200714,,,,MCO_MST,,,,JPM,JPM_SW,,212.8887,7.015800986982883,,,CNH,USD,,,,,,,,,,,4,,-1170.0,,,,,,,N,,,,,,,,,,,,,,,,,,,,,,,,,,,,,,,,,,,,,,,,,,,,
N,2,20200710J1000138,20200710J1000138,,,,CFD,CNH,NINGBO TUOPU G-A,SS,,RIC,601689.SH,,,,,,,,20210824,,,,,,,,,DFLT,-2000,,,,4.9325,4.9325,20200710,,,,20200714,,,,MCO_MST,,,,JPM,JPM_SW,,12.4171,7.015800986982883,,,CNH,USD,,,,,,,,,,,4,,-1210.0,,,,,,,N,,,,,,,,,,,,,,,,,,,,,,,,,,,,,,,,,,,,,,,,,,,,
N,2,20200710J1000139,20200710J1000139,,,,CFD,CNH,NORTH INDUSTRI-A,SS,,RIC,000519.ZK,,,,,,,,20210824,,,,,,,,,DFLT,-150600,,,,1.598,1.598,20200710,,,,20200714,,,,MCO_MST,,,,JPM,JPM_SW,,302.9172,7.015800986982883,,,CNH,USD,,,,,,,,,,,4,,-400.0,,,,,,,N,,,,,,,,,,,,,,,,,,,,,,,,,,,,,,,,,,,,,,,,,,,,
N,2,20200710J1000140,20200710J1000140,,,,CFD,CNH,OFILM GROUP CO-A,SS,,RIC,002456.ZK,,,,,,,,20210824,,,,,,,,,DFLT,-57400,,,,2.9345,2.9345,20200710,,,,20200714,,,,MCO_MST,,,,JPM,JPM_SW,,212.0158,7.015800986982883,,,CNH,USD,,,,,,,,,,,4,,-400.0,,,,,,,N,,,,,,,,,,,,,,,,,,,,,,,,,,,,,,,,,,,,,,,,,,,,
N,2,20200710J1000141,20200710J1000141,,,,CFD,CNH,OPPEIN HOME GR-A,SS,,RIC,603833.SH,,,,,,,,20210824,,,,,,,,,DFLT,-6800,,,,17.495,17.495,20200710,,,,20200714,,,,MCO_MST,,,,JPM,JPM_SW,,149.7425,7.015800986982883,,,CNH,USD,,,,,,,,,,,4,,-400.0,,,,,,,N,,,,,,,,,,,,,,,,,,,,,,,,,,,,,,,,,,,,,,,,,,,,
N,2,20200710J1000142,20200710J1000142,,,,CFD,CNH,ORIENT SECURIT-A,SS,,RIC,600958.SH,,,,,,,,20210824,,,,,,,,,DFLT,-88900,,,,1.8249,1.8249,20200710,,,,20200714,,,,MCO_MST,,,,JPM,JPM_SW,,204.2034,7.015800986982883,,,CNH,USD,,,,,,,,,,,4,,-400.0,,,,,,,N,,,,,,,,,,,,,,,,,,,,,,,,,,,,,,,,,,,,,,,,,,,,
N,2,20200710J1000143,20200710J1000143,,,,CFD,CNH,OVCTEK CHINA I-A,SS,,RIC,300595.ZK,,,,,,,,20210824,,,,,,,,,DFLT,-27300,,,,9.4587,9.4587,20200710,,,,20200714,,,,MCO_MST,,,,JPM,JPM_SW,,325.0247,7.015800986982883,,,CNH,USD,,,,,,,,,,,4,,-1300.0,,,,,,,N,,,,,,,,,,,,,,,,,,,,,,,,,,,,,,,,,,,,,,,,,,,,
N,2,20200710J1000144,20200710J1000144,,,,CFD,CNH,PACIFIC SECURI-A,SS,,RIC,601099.SH,,,,,,,,20210824,,,,,,,,,DFLT,-28100,,,,0.6566,0.6566,20200710,,,,20200714,,,,MCO_MST,,,,JPM,JPM_SW,,23.2236,7.015800986982883,,,CNH,USD,,,,,,,,,,,4,,-800.0,,,,,,,N,,,,,,,,,,,,,,,,,,,,,,,,,,,,,,,,,,,,,,,,,,,,
N,2,20200710J1000145,20200710J1000145,,,,CFD,CNH,PERFECT WORLD -A,SS,,RIC,002624.ZK,,,,,,,,20210824,,,,,,,,,DFLT,-500,,,,8.5221,8.5221,20200710,,,,20200714,,,,MCO_MST,,,,JPM,JPM_SW,,5.3634,7.015800986982883,,,CNH,USD,,,,,,,,,,,4,,-400.0,,,,,,,N,,,,,,,,,,,,,,,,,,,,,,,,,,,,,,,,,,,,,,,,,,,,
N,2,20200710J1000146,20200710J1000146,,,,CFD,CNH,PNC PROCESS SY-A,SS,,RIC,603690.SH,,,,,,,,20210824,,,,,,,,,DFLT,-5700,,,,8.272,8.272,20200710,,,,20200714,,,,MCO_MST,,,,JPM,JPM_SW,,59.3482,7.015800986982883,,,CNH,USD,,,,,,,,,,,4,,-400.0,,,,,,,N,,,,,,,,,,,,,,,,,,,,,,,,,,,,,,,,,,,,,,,,,,,,
N,2,20200710J1000147,20200710J1000147,,,,CFD,CNH,POLY DEVELOPME-A,SS,,RIC,600048.SH,,,,,,,,20210824,,,,,,,,,DFLT,-101900,,,,2.5214,2.5214,20200710,,,,20200714,,,,MCO_MST,,,,JPM,JPM_SW,,323.3986,7.015800986982883,,,CNH,USD,,,,,,,,,,,4,,-400.0,,,,,,,N,,,,,,,,,,,,,,,,,,,,,,,,,,,,,,,,,,,,,,,,,,,,
N,2,20200710J1000148,20200710J1000148,,,,CFD,CNH,POWER CONSTRUC-A,BC,,RIC,601669.SH,,,,,,,,20210824,,,,,,,,,DFLT,267500,,,,0.6623,0.6623,20200710,,,,20200714,,,,MCO_MST,,,,JPM,JPM_SW,,45.8327,7.015800986982883,,,CNH,USD,,,,,,,,,,,4,,0.0,,,,,,,N,,,,,,,,,,,,,,,,,,,,,,,,,,,,,,,,,,,,,,,,,,,,
N,2,20200710J1000149,20200710J1000149,,,,CFD,CNH,POWER CONSTRUC-A,SS,,RIC,601669.SH,,,,,,,,20210824,,,,,,,,,DFLT,-1800,,,,0.6352,0.6352,20200710,,,,20200714,,,,MCO_MST,,,,JPM,JPM_SW,,1.4391,7.015800986982883,,,CNH,USD,,,,,,,,,,,4,,-695.0,,,,,,,N,,,,,,,,,,,,,,,,,,,,,,,,,,,,,,,,,,,,,,,,,,,,
N,2,20200710J1000150,20200710J1000150,,,,CFD,CNH,QINGDAO PORT I-A,SS,,RIC,601298.SH,,,,,,,,20210824,,,,,,,,,DFLT,-170800,,,,1.0133,1.0133,20200710,,,,20200714,,,,MCO_MST,,,,JPM,JPM_SW,,217.8453,7.015800986982883,,,CNH,USD,,,,,,,,,,,4,,-400.0,,,,,,,N,,,,,,,,,,,,,,,,,,,,,,,,,,,,,,,,,,,,,,,,,,,,
N,2,20200710J1000151,20200710J1000151,,,,CFD,CNH,RONGSHENG PETR-A,SS,,RIC,002493.ZK,,,,,,,,20210824,,,,,,,,,DFLT,-77000,,,,2.177,2.177,20200710,,,,20200714,,,,MCO_MST,,,,JPM,JPM_SW,,210.9946,7.015800986982883,,,CNH,USD,,,,,,,,,,,4,,-400.0,,,,,,,N,,,,,,,,,,,,,,,,,,,,,,,,,,,,,,,,,,,,,,,,,,,,
N,2,20200710J1000152,20200710J1000152,,,,CFD,CNH,S F HOLDING CO-A,SS,,RIC,002352.ZK,,,,,,,,20210824,,,,,,,,,DFLT,-100,,,,8.9483,8.9483,20200710,,,,20200714,,,,MCO_MST,,,,JPM,JPM_SW,,1.1263,7.015800986982883,,,CNH,USD,,,,,,,,,,,4,,-400.0,,,,,,,N,,,,,,,,,,,,,,,,,,,,,,,,,,,,,,,,,,,,,,,,,,,,
N,2,20200710J1000153,20200710J1000153,,,,CFD,CNH,SANGFOR TECHNO-A,SS,,RIC,300454.ZK,,,,,,,,20210824,,,,,,,,,DFLT,-6060,,,,32.7163,32.7163,20200710,,,,20200714,,,,MCO_MST,,,,JPM,JPM_SW,,249.5508,7.015800986982883,,,CNH,USD,,,,,,,,,,,4,,-400.0,,,,,,,N,,,,,,,,,,,,,,,,,,,,,,,,,,,,,,,,,,,,,,,,,,,,
N,2,20200710J1000154,20200710J1000154,,,,CFD,CNH,SANY HEAVY IND-A,SS,,RIC,600031.SH,,,,,,,,20210824,,,,,,,,,DFLT,-86700,,,,2.9976,2.9976,20200710,,,,20200714,,,,MCO_MST,,,,JPM,JPM_SW,,327.126,7.015800986982883,,,CNH,USD,,,,,,,,,,,4,,-400.0,,,,,,,N,,,,,,,,,,,,,,,,,,,,,,,,,,,,,,,,,,,,,,,,,,,,
N,2,20200710J1000155,20200710J1000155,,,,CFD,CNH,SEALAND SECURI-A,SS,,RIC,000750.ZK,,,,,,,,20210824,,,,,,,,,DFLT,-80900,,,,0.8173,0.8173,20200710,,,,20200714,,,,MCO_MST,,,,JPM,JPM_SW,,83.2247,7.015800986982883,,,CNH,USD,,,,,,,,,,,4,,-985.0,,,,,,,N,,,,,,,,,,,,,,,,,,,,,,,,,,,,,,,,,,,,,,,,,,,,
N,2,20200710J1000156,20200710J1000156,,,,CFD,CNH,SGIS SONGSHAN -A,SS,,RIC,000717.ZK,,,,,,,,20210824,,,,,,,,,DFLT,-16100,,,,0.6906,0.6906,20200710,,,,20200714,,,,MCO_MST,,,,JPM,JPM_SW,,13.9951,7.015800986982883,,,CNH,USD,,,,,,,,,,,4,,-400.0,,,,,,,N,,,,,,,,,,,,,,,,,,,,,,,,,,,,,,,,,,,,,,,,,,,,
N,2,20200710J1000157,20200710J1000157,,,,CFD,CNH,SHAANXI COAL I-A,SS,,RIC,601225.SH,,,,,,,,20210824,,,,,,,,,DFLT,-200,,,,1.1531,1.1531,20200710,,,,20200714,,,,MCO_MST,,,,JPM,JPM_SW,,0.2903,7.015800986982883,,,CNH,USD,,,,,,,,,,,4,,-400.0,,,,,,,N,,,,,,,,,,,,,,,,,,,,,,,,,,,,,,,,,,,,,,,,,,,,
N,2,20200710J1000158,20200710J1000158,,,,CFD,CNH,SHAANXI INTL-A,SS,,RIC,000563.ZK,,,,,,,,20210824,,,,,,,,,DFLT,-152000,,,,0.64,0.64,20200710,,,,20200714,,,,MCO_MST,,,,JPM,JPM_SW,,122.4463,7.015800986982883,,,CNH,USD,,,,,,,,,,,4,,-400.0,,,,,,,N,,,,,,,,,,,,,,,,,,,,,,,,,,,,,,,,,,,,,,,,,,,,
N,2,20200710J1000159,20200710J1000159,,,,CFD,CNH,SHANDONG BUCHA-A,SS,,RIC,603858.SH,,,,,,,,20210824,,,,,,,,,DFLT,-100,,,,4.262,4.262,20200710,,,,20200714,,,,MCO_MST,,,,JPM,JPM_SW,,0.5365,7.015800986982883,,,CNH,USD,,,,,,,,,,,4,,-1170.0,,,,,,,N,,,,,,,,,,,,,,,,,,,,,,,,,,,,,,,,,,,,,,,,,,,,
N,2,20200710J1000160,20200710J1000160,,,,CFD,CNH,SHANDONG HI-SP-A,BC,,RIC,600350.SH,,,,,,,,20210824,,,,,,,,,DFLT,1200,,,,0.8978,0.8978,20200710,,,,20200714,,,,MCO_MST,,,,JPM,JPM_SW,,0.2787,7.015800986982883,,,CNH,USD,,,,,,,,,,,4,,0.0,,,,,,,N,,,,,,,,,,,,,,,,,,,,,,,,,,,,,,,,,,,,,,,,,,,,
N,2,20200710J1000161,20200710J1000161,,,,CFD,CNH,SHANDONG HIMIL-A,SS,,RIC,002595.ZK,,,,,,,,20210824,,,,,,,,,DFLT,-5600,,,,2.9602,2.9602,20200710,,,,20200714,,,,MCO_MST,,,,JPM,JPM_SW,,20.8656,7.015800986982883,,,CNH,USD,,,,,,,,,,,4,,-860.0,,,,,,,N,,,,,,,,,,,,,,,,,,,,,,,,,,,,,,,,,,,,,,,,,,,,
N,2,20200710J1000162,20200710J1000162,,,,CFD,CNH,SHANDONG PHAR-A,SS,,RIC,600529.SH,,,,,,,,20210824,,,,,,,,,DFLT,-2000,,,,8.3988,8.3988,20200710,,,,20200714,,,,MCO_MST,,,,JPM,JPM_SW,,21.1431,7.015800986982883,,,CNH,USD,,,,,,,,,,,4,,-400.0,,,,,,,N,,,,,,,,,,,,,,,,,,,,,,,,,,,,,,,,,,,,,,,,,,,,
N,2,20200710J1000163,20200710J1000163,,,,CFD,CNH,SHANDONG SINOC-A,SS,,RIC,300285.ZK,,,,,,,,20210824,,,,,,,,,DFLT,-8500,,,,5.1419,5.1419,20200710,,,,20200714,,,,MCO_MST,,,,JPM,JPM_SW,,55.0129,7.015800986982883,,,CNH,USD,,,,,,,,,,,4,,-1190.0,,,,,,,N,,,,,,,,,,,,,,,,,,,,,,,,,,,,,,,,,,,,,,,,,,,,
N,2,20200710J1000164,20200710J1000164,,,,CFD,CNH,SHANDONG SUN -A,SS,,RIC,002078.ZK,,,,,,,,20210824,,,,,,,,,DFLT,-70900,,,,1.5075,1.5075,20200710,,,,20200714,,,,MCO_MST,,,,JPM,JPM_SW,,134.5321,7.015800986982883,,,CNH,USD,,,,,,,,,,,4,,-1055.0,,,,,,,N,,,,,,,,,,,,,,,,,,,,,,,,,,,,,,,,,,,,,,,,,,,,
N,2,20200710J1000165,20200710J1000165,,,,CFD,CNH,SHANGHAI BAIRU-A,SS,,RIC,002568.ZK,,,,,,,,20210824,,,,,,,,,DFLT,-100,,,,7.4479,7.4479,20200710,,,,20200714,,,,MCO_MST,,,,JPM,JPM_SW,,0.9375,7.015800986982883,,,CNH,USD,,,,,,,,,,,4,,-400.0,,,,,,,N,,,,,,,,,,,,,,,,,,,,,,,,,,,,,,,,,,,,,,,,,,,,
N,2,20200710J1000166,20200710J1000166,,,,CFD,CNH,SHANG BAOSIGHT-A,SS,,RIC,600845.SH,,,,,,,,20210824,,,,,,,,,DFLT,-8100,,,,9.8211,9.8211,20200710,,,,20200714,,,,MCO_MST,,,,JPM,JPM_SW,,100.1307,7.015800986982883,,,CNH,USD,,,,,,,,,,,4,,-400.0,,,,,,,N,,,,,,,,,,,,,,,,,,,,,,,,,,,,,,,,,,,,,,,,,,,,
N,2,20200710J1000167,20200710J1000167,,,,CFD,CNH,SHANGHAI FLYCO-A,SS,,RIC,603868.SH,,,,,,,,20210824,,,,,,,,,DFLT,-1600,,,,8.2134,8.2134,20200710,,,,20200714,,,,MCO_MST,,,,JPM,JPM_SW,,16.5411,7.015800986982883,,,CNH,USD,,,,,,,,,,,4,,-585.0,,,,,,,N,,,,,,,,,,,,,,,,,,,,,,,,,,,,,,,,,,,,,,,,,,,,
N,2,20200710J1000168,20200710J1000168,,,,CFD,CNH,SHANGHAI JAHWA-A,SS,,RIC,600315.SH,,,,,,,,20210824,,,,,,,,,DFLT,-38400,,,,6.8317,6.8317,20200710,,,,20200714,,,,MCO_MST,,,,JPM,JPM_SW,,330.2039,7.015800986982883,,,CNH,USD,,,,,,,,,,,4,,-730.0,,,,,,,N,,,,,,,,,,,,,,,,,,,,,,,,,,,,,,,,,,,,,,,,,,,,
N,2,20200710J1000169,20200710J1000169,,,,CFD,CNH,SHANG JINQ EXP-A,SS,,RIC,600639.SH,,,,,,,,20210824,,,,,,,,,DFLT,-16500,,,,2.3837,2.3837,20200710,,,,20200714,,,,MCO_MST,,,,JPM,JPM_SW,,49.506,7.015800986982883,,,CNH,USD,,,,,,,,,,,4,,-860.0,,,,,,,N,,,,,,,,,,,,,,,,,,,,,,,,,,,,,,,,,,,,,,,,,,,,
N,2,20200710J1000170,20200710J1000170,,,,CFD,CNH,SHANGHAI LINGA-A,SS,,RIC,600848.SH,,,,,,,,20210824,,,,,,,,,DFLT,-12200,,,,3.6209,3.6209,20200710,,,,20200714,,,,MCO_MST,,,,JPM,JPM_SW,,55.603,7.015800986982883,,,CNH,USD,,,,,,,,,,,4,,-525.0,,,,,,,N,,,,,,,,,,,,,,,,,,,,,,,,,,,,,,,,,,,,,,,,,,,,
N,2,20200710J1000171,20200710J1000171,,,,CFD,CNH,SHANGHAI M&G S-A,SS,,RIC,603899.SH,,,,,,,,20210824,,,,,,,,,DFLT,-16500,,,,8.3408,8.3408,20200710,,,,20200714,,,,MCO_MST,,,,JPM,JPM_SW,,173.2263,7.015800986982883,,,CNH,USD,,,,,,,,,,,4,,-400.0,,,,,,,N,,,,,,,,,,,,,,,,,,,,,,,,,,,,,,,,,,,,,,,,,,,,
N,2,20200710J1000172,20200710J1000172,,,,CFD,CNH,SHANG PHARM -A,SS,,RIC,601607.SH,,,,,,,,20210824,,,,,,,,,DFLT,-5000,,,,2.8365,2.8365,20200710,,,,20200714,,,,MCO_MST,,,,JPM,JPM_SW,,17.8515,7.015800986982883,,,CNH,USD,,,,,,,,,,,4,,-400.0,,,,,,,N,,,,,,,,,,,,,,,,,,,,,,,,,,,,,,,,,,,,,,,,,,,,
N,2,20200710J1000173,20200710J1000173,,,,CFD,CNH,SHANG WAIGAO-A,SS,,RIC,600648.SH,,,,,,,,20210824,,,,,,,,,DFLT,-14000,,,,2.4182,2.4182,20200710,,,,20200714,,,,MCO_MST,,,,JPM,JPM_SW,,42.613,7.015800986982883,,,CNH,USD,,,,,,,,,,,4,,-1375.0,,,,,,,N,,,,,,,,,,,,,,,,,,,,,,,,,,,,,,,,,,,,,,,,,,,,
N,2,20200710J1000174,20200710J1000174,,,,CFD,CNH,SHANGHAI YUYUA-A,SS,,RIC,600655.SH,,,,,,,,20210824,,,,,,,,,DFLT,-104600,,,,1.6385,1.6385,20200710,,,,20200714,,,,MCO_MST,,,,JPM,JPM_SW,,215.7249,7.015800986982883,,,CNH,USD,,,,,,,,,,,4,,-400.0,,,,,,,N,,,,,,,,,,,,,,,,,,,,,,,,,,,,,,,,,,,,,,,,,,,,
N,2,20200710J1000175,20200710J1000175,,,,CFD,CNH,SHANG ZHANGJIA-A,SS,,RIC,600895.SH,,,,,,,,20210824,,,,,,,,,DFLT,-36100,,,,3.088,3.088,20200710,,,,20200714,,,,MCO_MST,,,,JPM,JPM_SW,,140.3158,7.015800986982883,,,CNH,USD,,,,,,,,,,,4,,-1320.0,,,,,,,N,,,,,,,,,,,,,,,,,,,,,,,,,,,,,,,,,,,,,,,,,,,,
N,2,20200710J1000176,20200710J1000176,,,,CFD,CNH,SHANXI LU'AN -A,SS,,RIC,601699.SH,,,,,,,,20210824,,,,,,,,,DFLT,-35100,,,,0.9723,0.9723,20200710,,,,20200714,,,,MCO_MST,,,,JPM,JPM_SW,,42.9566,7.015800986982883,,,CNH,USD,,,,,,,,,,,4,,-400.0,,,,,,,N,,,,,,,,,,,,,,,,,,,,,,,,,,,,,,,,,,,,,,,,,,,,
N,2,20200710J1000177,20200710J1000177,,,,CFD,CNH,SHANXI SECURIT-A,BC,,RIC,002500.ZK,,,,,,,,20210824,,,,,,,,,DFLT,129800,,,,1.2778,1.2778,20200710,,,,20200714,,,,MCO_MST,,,,JPM,JPM_SW,,42.9076,7.015800986982883,,,CNH,USD,,,,,,,,,,,4,,0.0,,,,,,,N,,,,,,,,,,,,,,,,,,,,,,,,,,,,,,,,,,,,,,,,,,,,
N,2,20200710J1000178,20200710J1000178,,,,CFD,CNH,SHANXI SECURIT-A,SS,,RIC,002500.ZK,,,,,,,,20210824,,,,,,,,,DFLT,-34800,,,,1.2741,1.2741,20200710,,,,20200714,,,,MCO_MST,,,,JPM,JPM_SW,,55.8091,7.015800986982883,,,CNH,USD,,,,,,,,,,,4,,-400.0,,,,,,,N,,,,,,,,,,,,,,,,,,,,,,,,,,,,,,,,,,,,,,,,,,,,
N,2,20200710J1000179,20200710J1000179,,,,CFD,CNH,SHENNAN CIRCUI-A,SS,,RIC,002916.ZK,,,,,,,,20210824,,,,,,,,,DFLT,-1300,,,,27.0693,27.0693,20200710,,,,20200714,,,,MCO_MST,,,,JPM,JPM_SW,,44.2938,7.015800986982883,,,CNH,USD,,,,,,,,,,,4,,-400.0,,,,,,,N,,,,,,,,,,,,,,,,,,,,,,,,,,,,,,,,,,,,,,,,,,,,
N,2,20200710J1000180,20200710J1000180,,,,CFD,CNH,SHENWAN HONGYU-A,SS,,RIC,000166.ZK,,,,,,,,20210824,,,,,,,,,DFLT,-176400,,,,0.8897,0.8897,20200710,,,,20200714,,,,MCO_MST,,,,JPM,JPM_SW,,197.5443,7.015800986982883,,,CNH,USD,,,,,,,,,,,4,,-400.0,,,,,,,N,,,,,,,,,,,,,,,,,,,,,,,,,,,,,,,,,,,,,,,,,,,,
N,2,20200710J1000181,20200710J1000181,,,,CFD,CNH,SHENZHEN AISI-A,SS,,RIC,002416.ZK,,,,,,,,20210824,,,,,,,,,DFLT,-35000,,,,1.2819,1.2819,20200710,,,,20200714,,,,MCO_MST,,,,JPM,JPM_SW,,56.4735,7.015800986982883,,,CNH,USD,,,,,,,,,,,4,,-1365.0,,,,,,,N,,,,,,,,,,,,,,,,,,,,,,,,,,,,,,,,,,,,,,,,,,,,
N,2,20200710J1000182,20200710J1000182,,,,CFD,CNH,SHENZHEN EVERW-A,SS,,RIC,300115.ZK,,,,,,,,20210824,,,,,,,,,DFLT,-31500,,,,3.7449,3.7449,20200710,,,,20200714,,,,MCO_MST,,,,JPM,JPM_SW,,148.4817,7.015800986982883,,,CNH,USD,,,,,,,,,,,4,,-725.0,,,,,,,N,,,,,,,,,,,,,,,,,,,,,,,,,,,,,,,,,,,,,,,,,,,,
N,2,20200710J1000183,20200710J1000183,,,,CFD,CNH,SHENZHEN GAS -A,SS,,RIC,601139.SH,,,,,,,,20210824,,,,,,,,,DFLT,-28500,,,,1.0717,1.0717,20200710,,,,20200714,,,,MCO_MST,,,,JPM,JPM_SW,,38.445,7.015800986982883,,,CNH,USD,,,,,,,,,,,4,,-1080.0,,,,,,,N,,,,,,,,,,,,,,,,,,,,,,,,,,,,,,,,,,,,,,,,,,,,
N,2,20200710J1000184,20200710J1000184,,,,CFD,CNH,SHENZHEN GOODI-A,SS,,RIC,603160.SH,,,,,,,,20210824,,,,,,,,,DFLT,-100,,,,37.2508,37.2508,20200710,,,,20200714,,,,MCO_MST,,,,JPM,JPM_SW,,4.6888,7.015800986982883,,,CNH,USD,,,,,,,,,,,4,,-400.0,,,,,,,N,,,,,,,,,,,,,,,,,,,,,,,,,,,,,,,,,,,,,,,,,,,,
N,2,20200710J1000185,20200710J1000185,,,,CFD,CNH,SHENZ HUAQIANG-A,SS,,RIC,000062.ZK,,,,,,,,20210824,,,,,,,,,DFLT,-3700,,,,2.4507,2.4507,20200710,,,,20200714,,,,MCO_MST,,,,JPM,JPM_SW,,11.4134,7.015800986982883,,,CNH,USD,,,,,,,,,,,4,,-400.0,,,,,,,N,,,,,,,,,,,,,,,,,,,,,,,,,,,,,,,,,,,,,,,,,,,,
N,2,20200710J1000186,20200710J1000186,,,,CFD,CNH,SHENZHEN INOVA-A,SS,,RIC,300124.ZK,,,,,,,,20210824,,,,,,,,,DFLT,-24900,,,,6.9677,6.9677,20200710,,,,20200714,,,,MCO_MST,,,,JPM,JPM_SW,,218.3791,7.015800986982883,,,CNH,USD,,,,,,,,,,,4,,-700.0,,,,,,,N,,,,,,,,,,,,,,,,,,,,,,,,,,,,,,,,,,,,,,,,,,,,
N,2,20200710J1000187,20200710J1000187,,,,CFD,CNH,SHENZHEN JINJI-A,SS,,RIC,002191.ZK,,,,,,,,20210824,,,,,,,,,DFLT,-34800,,,,1.8731,1.8731,20200710,,,,20200714,,,,MCO_MST,,,,JPM,JPM_SW,,82.0469,7.015800986982883,,,CNH,USD,,,,,,,,,,,4,,-1440.0,,,,,,,N,,,,,,,,,,,,,,,,,,,,,,,,,,,,,,,,,,,,,,,,,,,,
N,2,20200710J1000188,20200710J1000188,,,,CFD,CNH,SHENZHEN KANGT-A,SS,,RIC,300601.ZK,,,,,,,,20210824,,,,,,,,,DFLT,-9800,,,,26.7928,26.7928,20200710,,,,20200714,,,,MCO_MST,,,,JPM,JPM_SW,,330.4962,7.015800986982883,,,CNH,USD,,,,,,,,,,,4,,-400.0,,,,,,,N,,,,,,,,,,,,,,,,,,,,,,,,,,,,,,,,,,,,,,,,,,,,
N,2,20200710J1000189,20200710J1000189,,,,CFD,CNH,SHENZHEN KINGD-A,SS,,RIC,600446.SH,,,,,,,,20210824,,,,,,,,,DFLT,-32100,,,,3.2513,3.2513,20200710,,,,20200714,,,,MCO_MST,,,,JPM,JPM_SW,,131.3664,7.015800986982883,,,CNH,USD,,,,,,,,,,,4,,-1110.0,,,,,,,N,,,,,,,,,,,,,,,,,,,,,,,,,,,,,,,,,,,,,,,,,,,,
N,2,20200710J1000190,20200710J1000190,,,,CFD,CNH,SHENZHEN MINDR-A,SS,,RIC,300760.ZK,,,,,,,,20210824,,,,,,,,,DFLT,-200,,,,45.978,45.978,20200710,,,,20200714,,,,MCO_MST,,,,JPM,JPM_SW,,11.5745,7.015800986982883,,,CNH,USD,,,,,,,,,,,4,,-400.0,,,,,,,N,,,,,,,,,,,,,,,,,,,,,,,,,,,,,,,,,,,,,,,,,,,,
N,2,20200710J1000191,20200710J1000191,,,,CFD,CNH,SHENZHEN MTC -A,SS,,RIC,002429.ZK,,,,,,,,20210824,,,,,,,,,DFLT,-22600,,,,0.899,0.899,20200710,,,,20200714,,,,MCO_MST,,,,JPM,JPM_SW,,25.5735,7.015800986982883,,,CNH,USD,,,,,,,,,,,4,,-400.0,,,,,,,N,,,,,,,,,,,,,,,,,,,,,,,,,,,,,,,,,,,,,,,,,,,,
N,2,20200710J1000192,20200710J1000192,,,,CFD,CNH,SHENZ TELLUS-A,SS,,RIC,000025.ZK,,,,,,,,20210824,,,,,,,,,DFLT,-100,,,,3.0236,3.0236,20200710,,,,20200714,,,,MCO_MST,,,,JPM,JPM_SW,,0.3806,7.015800986982883,,,CNH,USD,,,,,,,,,,,4,,-1030.0,,,,,,,N,,,,,,,,,,,,,,,,,,,,,,,,,,,,,,,,,,,,,,,,,,,,
N,2,20200710J1000193,20200710J1000193,,,,CFD,CNH,SHENZHEN ZHONG-A,BC,,RIC,000060.ZK,,,,,,,,20210824,,,,,,,,,DFLT,40100,,,,0.6933,0.6933,20200710,,,,20200714,,,,MCO_MST,,,,JPM,JPM_SW,,7.1922,7.015800986982883,,,CNH,USD,,,,,,,,,,,4,,0.0,,,,,,,N,,,,,,,,,,,,,,,,,,,,,,,,,,,,,,,,,,,,,,,,,,,,
N,2,20200710J1000194,20200710J1000194,,,,CFD,CNH,SHENZHEN ZHONG-A,SS,,RIC,000060.ZK,,,,,,,,20210824,,,,,,,,,DFLT,-15200,,,,0.6961,0.6961,20200710,,,,20200714,,,,MCO_MST,,,,JPM,JPM_SW,,13.318,7.015800986982883,,,CNH,USD,,,,,,,,,,,4,,-400.0,,,,,,,N,,,,,,,,,,,,,,,,,,,,,,,,,,,,,,,,,,,,,,,,,,,,
N,2,20200710J1000195,20200710J1000195,,,,CFD,CNH,SICHUAN KELUN-A,S,,RIC,002422.ZK,,,,,,,,20210824,,,,,,,,,DFLT,-200,,,,3.3538,3.3538,20200710,,,,20200714,,,,MCO_MST,,,,JPM,JPM_SW,,0.8443,7.015800986982883,,,CNH,USD,,,,,,,,,,,4,,0.0,,,,,,,N,,,,,,,,,,,,,,,,,,,,,,,,,,,,,,,,,,,,,,,,,,,,
N,2,20200710J1000196,20200710J1000196,,,,CFD,CNH,SICHUAN KELUN-A,B,,RIC,002422.ZK,,,,,,,,20210824,,,,,,,,,DFLT,200,,,,3.2771,3.2771,20200710,,,,20200714,,,,MCO_MST,,,,JPM,JPM_SW,,0.1696,7.015800986982883,,,CNH,USD,,,,,,,,,,,4,,60.0,,,,,,,N,,,,,,,,,,,,,,,,,,,,,,,,,,,,,,,,,,,,,,,,,,,,
N,2,20200710J1000197,20200710J1000197,,,,CFD,CNH,SICHUAN SWELL-A,SS,,RIC,600779.SH,,,,,,,,20210824,,,,,,,,,DFLT,-7800,,,,10.1194,10.1194,20200710,,,,20200714,,,,MCO_MST,,,,JPM,JPM_SW,,99.3509,7.015800986982883,,,CNH,USD,,,,,,,,,,,4,,-1195.0,,,,,,,N,,,,,,,,,,,,,,,,,,,,,,,,,,,,,,,,,,,,,,,,,,,,
N,2,20200710J1000198,20200710J1000198,,,,CFD,CNH,SIEYUAN ELECTR-A,SS,,RIC,002028.ZK,,,,,,,,20210824,,,,,,,,,DFLT,-3100,,,,3.515,3.515,20200710,,,,20200714,,,,MCO_MST,,,,JPM,JPM_SW,,13.7154,7.015800986982883,,,CNH,USD,,,,,,,,,,,4,,-1340.0,,,,,,,N,,,,,,,,,,,,,,,,,,,,,,,,,,,,,,,,,,,,,,,,,,,,
N,2,20200710J1000199,20200710J1000199,,,,CFD,CNH,SINOLINK SECUR-A,SS,,RIC,600109.SH,,,,,,,,20210824,,,,,,,,,DFLT,-9100,,,,2.3061,2.3061,20200710,,,,20200714,,,,MCO_MST,,,,JPM,JPM_SW,,26.4145,7.015800986982883,,,CNH,USD,,,,,,,,,,,4,,-400.0,,,,,,,N,,,,,,,,,,,,,,,,,,,,,,,,,,,,,,,,,,,,,,,,,,,,
N,2,20200710J1000200,20200710J1000200,,,,CFD,CNH,SINOMA SCIENCE-A,SS,,RIC,002080.ZK,,,,,,,,20210824,,,,,,,,,DFLT,-53700,,,,2.6484,2.6484,20200710,,,,20200714,,,,MCO_MST,,,,JPM,JPM_SW,,179.0112,7.015800986982883,,,CNH,USD,,,,,,,,,,,4,,-400.0,,,,,,,N,,,,,,,,,,,,,,,,,,,,,,,,,,,,,,,,,,,,,,,,,,,,
N,2,20200710J1000201,20200710J1000201,,,,CFD,CNH,SOOCHOW SECURI-A,SS,,RIC,601555.SH,,,,,,,,20210824,,,,,,,,,DFLT,-46000,,,,1.563,1.563,20200710,,,,20200714,,,,MCO_MST,,,,JPM,JPM_SW,,90.498,7.015800986982883,,,CNH,USD,,,,,,,,,,,4,,-400.0,,,,,,,N,,,,,,,,,,,,,,,,,,,,,,,,,,,,,,,,,,,,,,,,,,,,
N,2,20200710J1000202,20200710J1000202,,,,CFD,CNH,SOUTHWEST SECU-A,SS,,RIC,600369.SH,,,,,,,,20210824,,,,,,,,,DFLT,-46800,,,,0.8465,0.8465,20200710,,,,20200714,,,,MCO_MST,,,,JPM,JPM_SW,,49.8649,7.015800986982883,,,CNH,USD,,,,,,,,,,,4,,-545.0,,,,,,,N,,,,,,,,,,,,,,,,,,,,,,,,,,,,,,,,,,,,,,,,,,,,
N,2,20200710J1000203,20200710J1000203,,,,CFD,CNH,SUNING.COM CO-A,B,,RIC,002024.ZK,,,,,,,,20210824,,,,,,,,,DFLT,113700,,,,1.5261,1.5261,20200710,,,,20200714,,,,MCO_MST,,,,JPM,JPM_SW,,44.889,7.015800986982883,,,CNH,USD,,,,,,,,,,,4,,60.0,,,,,,,N,,,,,,,,,,,,,,,,,,,,,,,,,,,,,,,,,,,,,,,,,,,,
N,2,20200710J1000204,20200710J1000204,,,,CFD,CNH,SUNING.COM CO-A,S,,RIC,002024.ZK,,,,,,,,20210824,,,,,,,,,DFLT,-113700,,,,1.5207,1.5207,20200710,,,,20200714,,,,MCO_MST,,,,JPM,JPM_SW,,217.6337,7.015800986982883,,,CNH,USD,,,,,,,,,,,4,,0.0,,,,,,,N,,,,,,,,,,,,,,,,,,,,,,,,,,,,,,,,,,,,,,,,,,,,
N,2,20200710J1000205,20200710J1000205,,,,CFD,CNH,SUNWODA ELECTR-A,B,,RIC,300207.ZK,,,,,,,,20210824,,,,,,,,,DFLT,56100,,,,3.3181,3.3181,20200710,,,,20200714,,,,MCO_MST,,,,JPM,JPM_SW,,48.1558,7.015800986982883,,,CNH,USD,,,,,,,,,,,4,,60.0,,,,,,,N,,,,,,,,,,,,,,,,,,,,,,,,,,,,,,,,,,,,,,,,,,,,
N,2,20200710J1000206,20200710J1000206,,,,CFD,CNH,SUNWODA ELECTR-A,S,,RIC,300207.ZK,,,,,,,,20210824,,,,,,,,,DFLT,-56100,,,,3.1574,3.1574,20200710,,,,20200714,,,,MCO_MST,,,,JPM,JPM_SW,,222.9537,7.015800986982883,,,CNH,USD,,,,,,,,,,,4,,0.0,,,,,,,N,,,,,,,,,,,,,,,,,,,,,,,,,,,,,,,,,,,,,,,,,,,,
N,2,20200710J1000207,20200710J1000207,,,,CFD,CNH,SUZHOU ANJIE T-A,SS,,RIC,002635.ZK,,,,,,,,20210824,,,,,,,,,DFLT,-6000,,,,3.9071,3.9071,20200710,,,,20200714,,,,MCO_MST,,,,JPM,JPM_SW,,29.5072,7.015800986982883,,,CNH,USD,,,,,,,,,,,4,,-1130.0,,,,,,,N,,,,,,,,,,,,,,,,,,,,,,,,,,,,,,,,,,,,,,,,,,,,
N,2,20200710J1000208,20200710J1000208,,,,CFD,CNH,TAHOE GROUP CO-A,BC,,RIC,000732.ZK,,,,,,,,20210824,,,,,,,,,DFLT,6400,,,,0.9039,0.9039,20200710,,,,20200714,,,,MCO_MST,,,,JPM,JPM_SW,,1.4966,7.015800986982883,,,CNH,USD,,,,,,,,,,,4,,0.0,,,,,,,N,,,,,,,,,,,,,,,,,,,,,,,,,,,,,,,,,,,,,,,,,,,,
N,2,20200710J1000209,20200710J1000209,,,,CFD,CNH,TAIJI COMPUTER-A,SS,,RIC,002368.ZK,,,,,,,,20210824,,,,,,,,,DFLT,-9900,,,,5.2229,5.2229,20200710,,,,20200714,,,,MCO_MST,,,,JPM,JPM_SW,,65.0832,7.015800986982883,,,CNH,USD,,,,,,,,,,,4,,-705.0,,,,,,,N,,,,,,,,,,,,,,,,,,,,,,,,,,,,,,,,,,,,,,,,,,,,
N,2,20200710J1000210,20200710J1000210,,,,CFD,CNH,TANGSHAN JIDON-A,SS,,RIC,000401.ZK,,,,,,,,20210824,,,,,,,,,DFLT,-7500,,,,2.5766,2.5766,20200710,,,,20200714,,,,MCO_MST,,,,JPM,JPM_SW,,24.3237,7.015800986982883,,,CNH,USD,,,,,,,,,,,4,,-1320.0,,,,,,,N,,,,,,,,,,,,,,,,,,,,,,,,,,,,,,,,,,,,,,,,,,,,
N,2,20200710J1000211,20200710J1000211,,,,CFD,CNH,TBEA CO LTD-A,SS,,RIC,600089.SH,,,,,,,,20210824,,,,,,,,,DFLT,-149900,,,,1.0674,1.0674,20200710,,,,20200714,,,,MCO_MST,,,,JPM,JPM_SW,,201.3961,7.015800986982883,,,CNH,USD,,,,,,,,,,,4,,-690.0,,,,,,,N,,,,,,,,,,,,,,,,,,,,,,,,,,,,,,,,,,,,,,,,,,,,
N,2,20200710J1000212,20200710J1000212,,,,CFD,CNH,TIANFENG SECUR-A,SS,,RIC,601162.SH,,,,,,,,20210824,,,,,,,,,DFLT,-130000,,,,1.0914,1.0914,20200710,,,,20200714,,,,MCO_MST,,,,JPM,JPM_SW,,178.5869,7.015800986982883,,,CNH,USD,,,,,,,,,,,4,,-400.0,,,,,,,N,,,,,,,,,,,,,,,,,,,,,,,,,,,,,,,,,,,,,,,,,,,,
N,2,20200710J1000213,20200710J1000213,,,,CFD,CNH,TIANQI LITHIUM-A,BC,,RIC,002466.ZK,,,,,,,,20210824,,,,,,,,,DFLT,1100,,,,3.8371,3.8371,20200710,,,,20200714,,,,MCO_MST,,,,JPM,JPM_SW,,1.0919,7.015800986982883,,,CNH,USD,,,,,,,,,,,4,,0.0,,,,,,,N,,,,,,,,,,,,,,,,,,,,,,,,,,,,,,,,,,,,,,,,,,,,
N,2,20200710J1000214,20200710J1000214,,,,CFD,CNH,TIBET SUMMIT R-A,SS,,RIC,600338.SH,,,,,,,,20210824,,,,,,,,,DFLT,-9800,,,,1.9474,1.9474,20200710,,,,20200714,,,,MCO_MST,,,,JPM,JPM_SW,,24.0217,7.015800986982883,,,CNH,USD,,,,,,,,,,,4,,-400.0,,,,,,,N,,,,,,,,,,,,,,,,,,,,,,,,,,,,,,,,,,,,,,,,,,,,
N,2,20200710J1000215,20200710J1000215,,,,CFD,CNH,TONGFU MICROEL-A,SS,,RIC,002156.ZK,,,,,,,,20210824,,,,,,,,,DFLT,-500,,,,4.0286,4.0286,20200710,,,,20200714,,,,MCO_MST,,,,JPM,JPM_SW,,2.5354,7.015800986982883,,,CNH,USD,,,,,,,,,,,4,,-530.0,,,,,,,N,,,,,,,,,,,,,,,,,,,,,,,,,,,,,,,,,,,,,,,,,,,,
N,2,20200710J1000216,20200710J1000216,,,,CFD,CNH,TONGWEI CO-A,SS,,RIC,600438.SH,,,,,,,,20210824,,,,,,,,,DFLT,-90300,,,,2.8548,2.8548,20200710,,,,20200714,,,,MCO_MST,,,,JPM,JPM_SW,,324.4783,7.015800986982883,,,CNH,USD,,,,,,,,,,,4,,-530.0,,,,,,,N,,,,,,,,,,,,,,,,,,,,,,,,,,,,,,,,,,,,,,,,,,,,
N,2,20200710J1000217,20200710J1000217,,,,CFD,CNH,TSINGTAO BREW-A,SS,,RIC,600600.SH,,,,,,,,20210824,,,,,,,,,DFLT,-200,,,,11.2017,11.2017,20200710,,,,20200714,,,,MCO_MST,,,,JPM,JPM_SW,,2.8199,7.015800986982883,,,CNH,USD,,,,,,,,,,,4,,-530.0,,,,,,,N,,,,,,,,,,,,,,,,,,,,,,,,,,,,,,,,,,,,,,,,,,,,
N,2,20200710J1000218,20200710J1000218,,,,CFD,CNH,UNIGROUP GUOXI-A,SS,,RIC,002049.ZK,,,,,,,,20210824,,,,,,,,,DFLT,-2100,,,,18.5335,18.5335,20200710,,,,20200714,,,,MCO_MST,,,,JPM,JPM_SW,,48.989,7.015800986982883,,,CNH,USD,,,,,,,,,,,4,,-730.0,,,,,,,N,,,,,,,,,,,,,,,,,,,,,,,,,,,,,,,,,,,,,,,,,,,,
N,2,20200710J1000219,20200710J1000219,,,,CFD,CNH,VENUSTECH GROU-A,SS,,RIC,002439.ZK,,,,,,,,20210824,,,,,,,,,DFLT,-32300,,,,6.4943,6.4943,20200710,,,,20200714,,,,MCO_MST,,,,JPM,JPM_SW,,264.0323,7.015800986982883,,,CNH,USD,,,,,,,,,,,4,,-615.0,,,,,,,N,,,,,,,,,,,,,,,,,,,,,,,,,,,,,,,,,,,,,,,,,,,,
N,2,20200710J1000220,20200710J1000220,,,,CFD,CNH,WANDA FILM HOL-A,SS,,RIC,002739.ZK,,,,,,,,20210824,,,,,,,,,DFLT,-63800,,,,2.6741,2.6741,20200710,,,,20200714,,,,MCO_MST,,,,JPM,JPM_SW,,214.7438,7.015800986982883,,,CNH,USD,,,,,,,,,,,4,,-790.0,,,,,,,N,,,,,,,,,,,,,,,,,,,,,,,,,,,,,,,,,,,,,,,,,,,,
N,2,20200710J1000221,20200710J1000221,,,,CFD,CNH,WESTERN SECURI-A,SS,,RIC,002673.ZK,,,,,,,,20210824,,,,,,,,,DFLT,-17100,,,,1.5146,1.5146,20200710,,,,20200714,,,,MCO_MST,,,,JPM,JPM_SW,,32.5999,7.015800986982883,,,CNH,USD,,,,,,,,,,,4,,-570.0,,,,,,,N,,,,,,,,,,,,,,,,,,,,,,,,,,,,,,,,,,,,,,,,,,,,
N,2,20200710J1000222,20200710J1000222,,,,CFD,CNH,WESTON INFO -A,BC,,RIC,002268.ZK,,,,,,,,20210824,,,,,,,,,DFLT,36700,,,,3.582,3.582,20200710,,,,20200714,,,,MCO_MST,,,,JPM,JPM_SW,,34.0085,7.015800986982883,,,CNH,USD,,,,,,,,,,,4,,0.0,,,,,,,N,,,,,,,,,,,,,,,,,,,,,,,,,,,,,,,,,,,,,,,,,,,,
N,2,20200710J1000223,20200710J1000223,,,,CFD,CNH,WILL SEMICONDU-A,SS,,RIC,603501.SH,,,,,,,,20210824,,,,,,,,,DFLT,-600,,,,34.4839,34.4839,20200710,,,,20200714,,,,MCO_MST,,,,JPM,JPM_SW,,26.0429,7.015800986982883,,,CNH,USD,,,,,,,,,,,4,,-400.0,,,,,,,N,,,,,,,,,,,,,,,,,,,,,,,,,,,,,,,,,,,,,,,,,,,,
N,2,20200710J1000224,20200710J1000224,,,,CFD,CNH,WOLONG ELECTRI-A,SS,,RIC,600580.SH,,,,,,,,20210824,,,,,,,,,DFLT,-141000,,,,1.8419,1.8419,20200710,,,,20200714,,,,MCO_MST,,,,JPM,JPM_SW,,326.8943,7.015800986982883,,,CNH,USD,,,,,,,,,,,4,,-1160.0,,,,,,,N,,,,,,,,,,,,,,,,,,,,,,,,,,,,,,,,,,,,,,,,,,,,
N,2,20200710J1000225,20200710J1000225,,,,CFD,CNH,WONDERS INFORM-A,SS,,RIC,300168.ZK,,,,,,,,20210824,,,,,,,,,DFLT,-35200,,,,3.6412,3.6412,20200710,,,,20200714,,,,MCO_MST,,,,JPM,JPM_SW,,161.3279,7.015800986982883,,,CNH,USD,,,,,,,,,,,4,,-1375.0,,,,,,,N,,,,,,,,,,,,,,,,,,,,,,,,,,,,,,,,,,,,,,,,,,,,
N,2,20200710J1000226,20200710J1000226,,,,CFD,CNH,WUHAN DEPT STO-A,SS,,RIC,000501.ZK,,,,,,,,20210824,,,,,,,,,DFLT,-4300,,,,3.2297,3.2297,20200710,,,,20200714,,,,MCO_MST,,,,JPM,JPM_SW,,17.4805,7.015800986982883,,,CNH,USD,,,,,,,,,,,4,,-400.0,,,,,,,N,,,,,,,,,,,,,,,,,,,,,,,,,,,,,,,,,,,,,,,,,,,,
N,2,20200710J1000227,20200710J1000227,,,,CFD,CNH,WUS PRINTED-A,SS,,RIC,002463.ZK,,,,,,,,20210824,,,,,,,,,DFLT,-15800,,,,3.9317,3.9317,20200710,,,,20200714,,,,MCO_MST,,,,JPM,JPM_SW,,78.1915,7.015800986982883,,,CNH,USD,,,,,,,,,,,4,,-1030.0,,,,,,,N,,,,,,,,,,,,,,,,,,,,,,,,,,,,,,,,,,,,,,,,,,,,
N,2,20200710J1000228,20200710J1000228,,,,CFD,CNH,WUXI TAIJI IND-A,SS,,RIC,600667.SH,,,,,,,,20210824,,,,,,,,,DFLT,-86200,,,,1.884,1.884,20200710,,,,20200714,,,,MCO_MST,,,,JPM,JPM_SW,,204.4139,7.015800986982883,,,CNH,USD,,,,,,,,,,,4,,-400.0,,,,,,,N,,,,,,,,,,,,,,,,,,,,,,,,,,,,,,,,,,,,,,,,,,,,
N,2,20200710J1000229,20200710J1000229,,,,CFD,CNH,XIAMEN FARATRO-A,SS,,RIC,600563.SH,,,,,,,,20210824,,,,,,,,,DFLT,-2200,,,,9.1676,9.1676,20200710,,,,20200714,,,,MCO_MST,,,,JPM,JPM_SW,,25.3864,7.015800986982883,,,CNH,USD,,,,,,,,,,,4,,-860.0,,,,,,,N,,,,,,,,,,,,,,,,,,,,,,,,,,,,,,,,,,,,,,,,,,,,
N,2,20200710J1000230,20200710J1000230,,,,CFD,CNH,XIAMEN TUNGSTE-A,SS,,RIC,600549.SH,,,,,,,,20210824,,,,,,,,,DFLT,-51700,,,,2.1615,2.1615,20200710,,,,20200714,,,,MCO_MST,,,,JPM,JPM_SW,,140.6592,7.015800986982883,,,CNH,USD,,,,,,,,,,,4,,-1130.0,,,,,,,N,,,,,,,,,,,,,,,,,,,,,,,,,,,,,,,,,,,,,,,,,,,,
N,2,20200710J1000231,20200710J1000231,,,,CFD,CNH,XINJIANG COMMU-A,SS,,RIC,002941.ZK,,,,,,,,20210824,,,,,,,,,DFLT,-16500,,,,2.3714,2.3714,20200710,,,,20200714,,,,MCO_MST,,,,JPM,JPM_SW,,49.2505,7.015800986982883,,,CNH,USD,,,,,,,,,,,4,,-1200.0,,,,,,,N,,,,,,,,,,,,,,,,,,,,,,,,,,,,,,,,,,,,,,,,,,,,
N,2,20200710J1000232,20200710J1000232,,,,CFD,CNH,XINXING DUCTIL-A,SS,,RIC,000778.ZK,,,,,,,,20210824,,,,,,,,,DFLT,-200,,,,0.5666,0.5666,20200710,,,,20200714,,,,MCO_MST,,,,JPM,JPM_SW,,0.1426,7.015800986982883,,,CNH,USD,,,,,,,,,,,4,,-1355.0,,,,,,,N,,,,,,,,,,,,,,,,,,,,,,,,,,,,,,,,,,,,,,,,,,,,
N,2,20200710J1000233,20200710J1000233,,,,CFD,CNH,YANTAI CHANGYU-A,SS,,RIC,000869.ZK,,,,,,,,20210824,,,,,,,,,DFLT,-100,,,,4.9895,4.9895,20200710,,,,20200714,,,,MCO_MST,,,,JPM,JPM_SW,,0.628,7.015800986982883,,,CNH,USD,,,,,,,,,,,4,,-1395.0,,,,,,,N,,,,,,,,,,,,,,,,,,,,,,,,,,,,,,,,,,,,,,,,,,,,
N,2,20200710J1000234,20200710J1000234,,,,CFD,CNH,YIFAN PHARMACE-A,SS,,RIC,002019.ZK,,,,,,,,20210824,,,,,,,,,DFLT,-67200,,,,3.795,3.795,20200710,,,,20200714,,,,MCO_MST,,,,JPM,JPM_SW,,320.9987,7.015800986982883,,,CNH,USD,,,,,,,,,,,4,,-869.9999999999999,,,,,,,N,,,,,,,,,,,,,,,,,,,,,,,,,,,,,,,,,,,,,,,,,,,,
N,2,20200710J1000235,20200710J1000235,,,,CFD,CNH,YIFENG PHARMA-A,SS,,RIC,603939.SH,,,,,,,,20210824,,,,,,,,,DFLT,-17600,,,,12.5833,12.5833,20200710,,,,20200714,,,,MCO_MST,,,,JPM,JPM_SW,,278.7594,7.015800986982883,,,CNH,USD,,,,,,,,,,,4,,-1000.0,,,,,,,N,,,,,,,,,,,,,,,,,,,,,,,,,,,,,,,,,,,,,,,,,,,,
N,2,20200710J1000236,20200710J1000236,,,,CFD,CNH,YUAN LONGPING-A,SS,,RIC,000998.ZK,,,,,,,,20210824,,,,,,,,,DFLT,-11600,,,,2.5606,2.5606,20200710,,,,20200714,,,,MCO_MST,,,,JPM,JPM_SW,,37.3871,7.015800986982883,,,CNH,USD,,,,,,,,,,,4,,-1350.0,,,,,,,N,,,,,,,,,,,,,,,,,,,,,,,,,,,,,,,,,,,,,,,,,,,,
N,2,20200710J1000237,20200710J1000237,,,,CFD,CNH,YUNNAN ALUM-A,SS,,RIC,000807.ZK,,,,,,,,20210824,,,,,,,,,DFLT,-11900,,,,0.9706,0.9706,20200710,,,,20200714,,,,MCO_MST,,,,JPM,JPM_SW,,14.5382,7.015800986982883,,,CNH,USD,,,,,,,,,,,4,,-660.0,,,,,,,N,,,,,,,,,,,,,,,,,,,,,,,,,,,,,,,,,,,,,,,,,,,,
N,2,20200710J1000238,20200710J1000238,,,,CFD,CNH,YUNNAN BAIYAO-A,SS,,RIC,000538.ZK,,,,,,,,20210824,,,,,,,,,DFLT,-100,,,,15.6986,15.6986,20200710,,,,20200714,,,,MCO_MST,,,,JPM,JPM_SW,,1.976,7.015800986982883,,,CNH,USD,,,,,,,,,,,4,,-400.0,,,,,,,N,,,,,,,,,,,,,,,,,,,,,,,,,,,,,,,,,,,,,,,,,,,,
N,2,20200710J1000239,20200710J1000239,,,,CFD,CNH,YUNNAN COPPER-A,SS,,RIC,000878.ZK,,,,,,,,20210824,,,,,,,,,DFLT,-82500,,,,2.0051,2.0051,20200710,,,,20200714,,,,MCO_MST,,,,JPM,JPM_SW,,208.2151,7.015800986982883,,,CNH,USD,,,,,,,,,,,4,,-1385.0,,,,,,,N,,,,,,,,,,,,,,,,,,,,,,,,,,,,,,,,,,,,,,,,,,,,
N,2,20200710J1000240,20200710J1000240,,,,CFD,CNH,ZHEJIANG CENTU-A,SS,,RIC,002602.ZK,,,,,,,,20210824,,,,,,,,,DFLT,-8200,,,,2.4113,2.4113,20200710,,,,20200714,,,,MCO_MST,,,,JPM,JPM_SW,,24.8878,7.015800986982883,,,CNH,USD,,,,,,,,,,,4,,-540.0,,,,,,,N,,,,,,,,,,,,,,,,,,,,,,,,,,,,,,,,,,,,,,,,,,,,
N,2,20200710J1000241,20200710J1000241,,,,CFD,CNH,ZHEJIANG CHINT-A,SS,,RIC,601877.SH,,,,,,,,20210824,,,,,,,,,DFLT,-69000,,,,3.8748,3.8748,20200710,,,,20200714,,,,MCO_MST,,,,JPM,JPM_SW,,336.5275,7.015800986982883,,,CNH,USD,,,,,,,,,,,4,,-765.0,,,,,,,N,,,,,,,,,,,,,,,,,,,,,,,,,,,,,,,,,,,,,,,,,,,,
N,2,20200710J1000242,20200710J1000242,,,,CFD,CNH,ZHEJIANG CRYST-A,SS,,RIC,002273.ZK,,,,,,,,20210824,,,,,,,,,DFLT,-21500,,,,2.6519,2.6519,20200710,,,,20200714,,,,MCO_MST,,,,JPM,JPM_SW,,71.7659,7.015800986982883,,,CNH,USD,,,,,,,,,,,4,,-850.0,,,,,,,N,,,,,,,,,,,,,,,,,,,,,,,,,,,,,,,,,,,,,,,,,,,,
N,2,20200710J1000243,20200710J1000243,,,,CFD,CNH,ZHEJIANG DAHUA-A,BC,,RIC,002236.ZK,,,,,,,,20210824,,,,,,,,,DFLT,79250,,,,3.2314,3.2314,20200710,,,,20200714,,,,MCO_MST,,,,JPM,JPM_SW,,66.2501,7.015800986982883,,,CNH,USD,,,,,,,,,,,4,,0.0,,,,,,,N,,,,,,,,,,,,,,,,,,,,,,,,,,,,,,,,,,,,,,,,,,,,
N,2,20200710J1000244,20200710J1000244,,,,CFD,CNH,ZHEJIANG DAHUA-A,SS,,RIC,002236.ZK,,,,,,,,20210824,,,,,,,,,DFLT,-79300,,,,3.2128,3.2128,20200710,,,,20200714,,,,MCO_MST,,,,JPM,JPM_SW,,320.6853,7.015800986982883,,,CNH,USD,,,,,,,,,,,4,,-555.0,,,,,,,N,,,,,,,,,,,,,,,,,,,,,,,,,,,,,,,,,,,,,,,,,,,,
N,2,20200710J1000245,20200710J1000245,,,,CFD,CNH,ZHEJIANG DINGL-A,SS,,RIC,603338.SH,,,,,,,,20210824,,,,,,,,,DFLT,-7200,,,,11.3586,11.3586,20200710,,,,20200714,,,,MCO_MST,,,,JPM,JPM_SW,,102.9389,7.015800986982883,,,CNH,USD,,,,,,,,,,,4,,-560.0,,,,,,,N,,,,,,,,,,,,,,,,,,,,,,,,,,,,,,,,,,,,,,,,,,,,
N,2,20200710J1000246,20200710J1000246,,,,CFD,CNH,ZHEJIANG HUACE-A,SS,,RIC,300133.ZK,,,,,,,,20210824,,,,,,,,,DFLT,-97500,,,,1.2466,1.2466,20200710,,,,20200714,,,,MCO_MST,,,,JPM,JPM_SW,,152.9868,7.015800986982883,,,CNH,USD,,,,,,,,,,,4,,-765.0,,,,,,,N,,,,,,,,,,,,,,,,,,,,,,,,,,,,,,,,,,,,,,,,,,,,
N,2,20200710J1000247,20200710J1000247,,,,CFD,CNH,ZHEJIANG JIEME-A,SS,,RIC,002859.ZK,,,,,,,,20210824,,,,,,,,,DFLT,-13300,,,,4.4579,4.4579,20200710,,,,20200714,,,,MCO_MST,,,,JPM,JPM_SW,,74.6284,7.015800986982883,,,CNH,USD,,,,,,,,,,,4,,-730.0,,,,,,,N,,,,,,,,,,,,,,,,,,,,,,,,,,,,,,,,,,,,,,,,,,,,
N,2,20200710J1000248,20200710J1000248,,,,CFD,CNH,ZHEJIANG LONGS-A,SS,,RIC,600352.SH,,,,,,,,20210824,,,,,,,,,DFLT,-82900,,,,2.0109,2.0109,20200710,,,,20200714,,,,MCO_MST,,,,JPM,JPM_SW,,209.8298,7.015800986982883,,,CNH,USD,,,,,,,,,,,4,,-400.0,,,,,,,N,,,,,,,,,,,,,,,,,,,,,,,,,,,,,,,,,,,,,,,,,,,,
N,2,20200710J1000249,20200710J1000249,,,,CFD,CNH,ZHEJIANG MEDI-A,SS,,RIC,600216.SH,,,,,,,,20210824,,,,,,,,,DFLT,-57900,,,,2.9366,2.9366,20200710,,,,20200714,,,,MCO_MST,,,,JPM,JPM_SW,,214.0157,7.015800986982883,,,CNH,USD,,,,,,,,,,,4,,-695.0,,,,,,,N,,,,,,,,,,,,,,,,,,,,,,,,,,,,,,,,,,,,,,,,,,,,
N,2,20200710J1000250,20200710J1000250,,,,CFD,CNH,ZHEJIANG NHU-A,SS,,RIC,002001.ZK,,,,,,,,20210824,,,,,,,,,DFLT,-60200,,,,4.3079,4.3079,20200710,,,,20200714,,,,MCO_MST,,,,JPM,JPM_SW,,326.4257,7.015800986982883,,,CNH,USD,,,,,,,,,,,4,,-400.0,,,,,,,N,,,,,,,,,,,,,,,,,,,,,,,,,,,,,,,,,,,,,,,,,,,,
N,2,20200710J1000251,20200710J1000251,,,,CFD,CNH,ZHEJIANG ORIEN-A,SS,,RIC,600120.SH,,,,,,,,20210824,,,,,,,,,DFLT,-148000,,,,1.1704,1.1704,20200710,,,,20200714,,,,MCO_MST,,,,JPM,JPM_SW,,218.031,7.015800986982883,,,CNH,USD,,,,,,,,,,,4,,-1170.0,,,,,,,N,,,,,,,,,,,,,,,,,,,,,,,,,,,,,,,,,,,,,,,,,,,,
N,2,20200710J1000252,20200710J1000252,,,,CFD,CNH,ZHEJIANG SUPOR-A,SS,,RIC,002032.ZK,,,,,,,,20210824,,,,,,,,,DFLT,-600,,,,10.9675,10.9675,20200710,,,,20200714,,,,MCO_MST,,,,JPM,JPM_SW,,8.2829,7.015800986982883,,,CNH,USD,,,,,,,,,,,4,,-400.0,,,,,,,N,,,,,,,,,,,,,,,,,,,,,,,,,,,,,,,,,,,,,,,,,,,,
N,2,20200710J1000253,20200710J1000253,,,,CFD,CNH,ZHEJIANG WEIMI-A,SS,,RIC,603568.SH,,,,,,,,20210824,,,,,,,,,DFLT,-11440,,,,3.3705,3.3705,20200710,,,,20200714,,,,MCO_MST,,,,JPM,JPM_SW,,48.5336,7.015800986982883,,,CNH,USD,,,,,,,,,,,4,,-894.9999999999999,,,,,,,N,,,,,,,,,,,,,,,,,,,,,,,,,,,,,,,,,,,,,,,,,,,,
N,2,20200710J1000254,20200710J1000254,,,,CFD,CNH,ZHENGZHOU COAL-A,SS,,RIC,601717.SH,,,,,,,,20210824,,,,,,,,,DFLT,-75000,,,,0.9595,0.9595,20200710,,,,20200714,,,,MCO_MST,,,,JPM,JPM_SW,,90.5792,7.015800986982883,,,CNH,USD,,,,,,,,,,,4,,-400.0,,,,,,,N,,,,,,,,,,,,,,,,,,,,,,,,,,,,,,,,,,,,,,,,,,,,
N,2,20200710J1000255,20200710J1000255,,,,CFD,CNH,ZHESHANG SECUR-A,SS,,RIC,601878.SH,,,,,,,,20210824,,,,,,,,,DFLT,-2000,,,,2.9644,2.9644,20200710,,,,20200714,,,,MCO_MST,,,,JPM,JPM_SW,,7.4626,7.015800986982883,,,CNH,USD,,,,,,,,,,,4,,-400.0,,,,,,,N,,,,,,,,,,,,,,,,,,,,,,,,,,,,,,,,,,,,,,,,,,,,
N,2,20200710J1000256,20200710J1000256,,,,CFD,CNH,ZHONGJIN GOLD-A,SS,,RIC,600489.SH,,,,,,,,20210824,,,,,,,,,DFLT,-146400,,,,1.5291,1.5291,20200710,,,,20200714,,,,MCO_MST,,,,JPM,JPM_SW,,281.7729,7.015800986982883,,,CNH,USD,,,,,,,,,,,4,,-400.0,,,,,,,N,,,,,,,,,,,,,,,,,,,,,,,,,,,,,,,,,,,,,,,,,,,,
N,2,20200710J1000257,20200710J1000257,,,,CFD,CNH,ZIJIN MINING-A,SS,,RIC,601899.SH,,,,,,,,20210824,,,,,,,,,DFLT,-74300,,,,0.8287,0.8287,20200710,,,,20200714,,,,MCO_MST,,,,JPM,JPM_SW,,77.5012,7.015800986982883,,,CNH,USD,,,,,,,,,,,4,,-400.0,,,,,,,N,,,,,,,,,,,,,,,,,,,,,,,,,,,,,,,,,,,,,,,,,,,,
